,bias_harg_,bias_harg_Rs,bias_livia_,bias_modif_,bias_modif_droog,bias_Berti,bias_droogersAllen2,bias_traj_balk,bias_Ravazzani,bias_perc_harg_,bias_perc_harg_Rs,bias_perc_livia_,bias_perc_modif_,bias_perc_modif_droog,bias_perc_Berti,bias_perc_droogersAllen2,bias_perc_traj_balk,bias_perc_Ravazzani,MAPE_harg_,MAPE_harg_Rs,MAPE_livia_,MAPE_modif_,MAPE_modif_droog,MAPE_Berti,MAPE_droogersAllen2,MAPE_traj_balk,MAPE_Ravazzani,MAE_harg_,MAE_harg_Rs,MAE_livia_,MAE_modif_,MAE_modif_droog,MAE_Berti,MAE_droogersAllen2,MAE_traj_balk,MAE_Ravazzani,KGE_harg_,KGE_harg_Rs,KGE_livia_,KGE_modif_,KGE_modif_droog,KGE_Berti,KGE_droogersAllen2,KGE_traj_balk,KGE_Ravazzani,R_harg_,R_harg_Rs,R_livia_,R_modif_,R_modif_droog,R_Berti,R_droogersAllen2,R_traj_balk,R_Ravazzani,RMSE_harg_,RMSE_harg_Rs,RMSE_livia_,RMSE_modif_,RMSE_modif_droog,RMSE_Berti,RMSE_droogersAllen2,RMSE_traj_balk,RMSE_Ravazzanil,WAPE_harg_,WAPE_harg_Rs,WAPE_livia_,WAPE_modif_,WAPE_modif_droog,WAPE_Berti,WAPE_droogersAllen2,WAPE_traj_balk,WAPE_Ravazzani
11800,-42.35527038584427,-107.8853148890487,-17.022764506639515,-201.57185209264833,6.681026590489702,-136.6016564595367,28.695907863695957,-166.91005811628764,-731.5806192457096,-2.8956351218011362,-13.774978063629383,0.17317295044542608,-23.55134028368172,3.5119035037573845,-15.134438580368409,6.379838559972045,-18.99570539812343,-92.29990946623201,6.7704562358603075,13.640116708958534,4.277913559531714,25.48505874606058,2.4813810364644637,17.470862302911577,3.8334415513761164,21.192164419108313,92.49493352071195,53.550333808256944,107.8853148890487,33.835784640690875,201.57185209264833,19.626267149375643,138.1842634597765,30.320272011114866,167.617578377052,731.5806192457096,0.8602700751076602,0.8165483012078361,0.9096133589074481,0.5954168650886025,0.9236370271557943,0.7059193689971526,0.937900235490214,0.6519814108052802,-0.31231923148362273,0.9960793855667842,0.996918454414514,0.9928052088989457,0.9960979200556408,0.997266565130399,0.9959123052100578,0.9971153213780604,0.9967602108440509,0.9960793855667842,57.23154609158522,113.70946647450344,40.02166623130622,217.25649810257661,26.955929857102607,150.4268178095293,36.45673052453444,181.62619856885937,768.0792825314039,6.770456235860307,13.640116708958534,4.277913559531713,25.48505874606058,2.4813810364644633,17.470862302911573,3.833441551376116,21.19216441910831,92.49493352071195
11801,-13.067398003222062,-144.6701447736837,39.05114588193776,-186.9464532251412,37.509273110331584,-117.87367290267213,58.873386359558076,-159.09093217965497,-779.7006982629682,-1.984410629141382,-17.05747912525147,3.712053775184168,-22.18531954751036,4.179789267174093,-14.187816043359888,6.610984479778059,-18.873294643738053,-91.10497956150797,2.575915616207288,16.896425104669436,5.487488716032517,21.833991736467652,4.415484380223108,13.766791269393927,6.910179085050645,18.580668628006798,91.063394405721,22.055439704728684,144.6701447736837,46.984837447833065,186.9464532251412,37.80614896794247,117.87367290267213,59.166161034270175,159.09093217965497,779.7006982629682,0.9812637528077908,0.7677155113684384,0.8973418242231659,0.7028932924221536,0.9295201967354185,0.8188838593182761,0.8926550500410424,0.7465849549963242,-0.2864504044921583,0.9914468029576032,0.9927772522203578,0.9835639166084935,0.9916625988252951,0.9949007336629335,0.991045942172648,0.9943614454985831,0.9930930465116543,0.9914468029576033,26.903834489022156,148.76371924322927,54.18031564089304,191.50410896257443,42.99287014182889,121.82611659185736,63.82509285996118,163.1743509411115,796.5107501695636,2.575915616207288,16.896425104669447,5.487488716032516,21.83399173646765,4.415484380223108,13.766791269393925,6.910179085050644,18.5806686280068,91.06339440572098
11806,-40.5856087860773,-126.66924470630887,-15.326648602244862,-155.5665609971472,22.892967174225337,-125.29022139650027,24.47335867774544,-153.6479747896674,-611.2660548595177,-2.487066375459699,-17.345825229595388,0.40827864492515004,-19.034052868008715,7.25179465527836,-14.778659617560743,7.37908815669264,-18.647110778630736,-85.00756331692028,7.631308855191802,17.78169111358005,6.672127609573039,21.75914168514809,4.723384177835407,17.591848847345386,4.878569494643939,21.490788455147133,85.49796697796549,54.559894488833805,127.129855362875,47.702246796980226,155.5665609971472,33.76974346905131,125.77258176645422,34.879237878457836,153.6479747896674,611.2660548595177,0.8627987557025742,0.763446794362814,0.9201483928821288,0.6502821886311927,0.9413678716111815,0.7078203312214473,0.9420792908530353,0.6508723436964398,-0.21655135380663437,0.9897152594681355,0.9976782853348979,0.980389178546069,0.9901135865615338,0.9932733228742421,0.9892101298822128,0.9928332585071007,0.9918143355107183,0.9897152594681353,64.78034703279519,134.95142808102452,58.46492315311105,176.03868523702963,40.9637639892875,145.2794028209527,42.44275188478074,173.9708672211634,656.3832337648893,7.6313088551918025,17.78169111358005,6.672127609573041,21.75914168514809,4.723384177835407,17.591848847345393,4.87856949464394,21.49078845514714,85.49796697796552
11810,-65.88148237593283,-137.37263329178876,-49.714850749449596,-243.9796584948129,-5.939702369626459,-172.17365489599695,18.24070543199505,-202.8070193747759,-837.7441824090957,-7.310749732464604,-15.249911122837348,-5.564585692549503,-26.982462879607628,-0.6635929847391117,-19.053558230363222,2.003102901226985,-22.426091135213156,-92.56834856999558,7.279519436318638,15.178874518329922,5.652860548445047,26.95832883578505,1.866205566618737,19.02418436922248,2.604077038647306,22.4089924227305,92.5658445830247,65.88148237593283,137.37263329178876,51.15981018443797,243.9796584948129,16.889629902442696,172.17365489599695,23.567552367711585,202.8070193747759,837.7441824090957,0.9104788525756866,0.842395089952988,0.8288275123906815,0.6665357591661913,0.9418474604426822,0.7812287709703396,0.9058788339425012,0.7222681958264592,-0.3041460686518358,0.9558239386665709,0.9670605130998695,0.9242894350957308,0.9560997894236086,0.9696553830371377,0.9540694602531814,0.9676516632973079,0.9631598046086324,0.9558239386665709,69.85158027385431,138.7545473682723,60.09573152105172,245.27408073330633,20.597880549331393,173.74646563118327,28.10459163347061,204.07219405882478,840.7222617641062,7.279519436318637,15.178874518329925,5.652860548445047,26.95832883578504,1.8662055666187367,19.02418436922247,2.604077038647305,22.408992422730496,92.56584458302467
11813,-121.12157930735137,-146.25371336423197,-115.59561535393674,-277.41684882987636,-43.138488198939804,-227.32372327274066,-32.90053683633125,-254.7988683023677,-849.6444852443728,-12.728311685330363,-15.398144409747502,-12.186957882269853,-29.081630551734122,-4.542741580896885,-23.844009551976793,-3.4755893212563884,-26.70856731632844,-88.96582547805444,12.681737164498008,15.31313546953105,12.10315469522665,29.046249082802706,4.516709343960394,23.801371533346604,3.479781379765147,26.67808904161185,88.9599368399283,121.12157930735137,146.25371336423197,115.59561535393674,277.41684882987636,43.138488198939804,227.32372327274066,33.23492758873563,254.7988683023677,849.6444852443728,0.6687018515111627,0.5011415356266354,0.37972863947106317,0.6983906873195138,0.7547714787676105,0.7106184870997976,0.7120507847969089,0.7232384621234311,-0.2228147179130433,0.9285878241968645,0.9843058399964224,0.9209904938585814,0.9275640377435805,0.927309982734698,0.9282465093982064,0.9282471101331883,0.9297160176153478,0.9285878241968645,122.54716439096975,147.4259086420555,118.9329956442768,277.76304316830266,46.41819799380353,227.84393352907477,37.57554916451334,255.1573505175871,850.1833186456328,12.681737164498012,15.313135469531048,12.103154695226648,29.046249082802706,4.516709343960394,23.80137153334661,3.479781379765148,26.678089041611848,88.95993683992832
11816,-62.43476033121855,-142.66591314072065,-31.72116228996253,-259.3324046453925,-11.247952360442413,-173.1684378731722,20.7929108247905,-209.0993997672728,-890.8643527386226,-6.57767175892566,-15.224698485310922,-3.3352202299687486,-27.481466202721954,-1.1276647874914116,-18.33439190705192,2.270656643955142,-22.14415893293496,-94.52622550494917,6.796370210521642,15.138180231118659,5.024474182853762,27.517580022209327,3.0952046383402676,18.374781790234948,3.147052087491108,22.187391018718554,94.52899320059693,64.05065518597085,142.66591314072065,47.35187363374636,259.3324046453925,29.169965566830687,173.1684378731722,29.658588608979205,209.0993997672728,890.8643527386226,0.6761696516854,0.6895969530124872,0.4715001487426984,0.5475104346014475,0.7141077011972565,0.6271431491743422,0.7143295931692792,0.5958737573402031,-0.3679927239282921,0.6876780248701885,0.9840350465427822,0.6150204220361,0.6886618897403997,0.7163195809144484,0.682056014365117,0.7162465286966447,0.7142703426280411,0.6876780248701884,71.74464634782642,143.41686321413383,56.834936249490276,261.30304529433806,34.12314025108077,176.4047434590068,39.13699327451233,211.34981453333856,891.8378612419771,6.796370210521641,15.138180231118659,5.02447418285376,27.517580022209323,3.0952046383402676,18.37478179023495,3.147052087491108,22.187391018718554,94.52899320059694
11818,-18.29661374616372,-127.32436583505358,30.324200988848972,-216.16153141688625,21.41895730510207,-126.26513358632054,56.03270362307781,-167.00468639753805,-841.2901960796418,-2.245047838339516,-14.775944336106207,2.832322681654413,-24.61897232699791,2.778796906282574,-14.449811199326465,6.550760943497294,-18.94830227556056,-95.13366743511357,3.2841270696078735,14.396598026694477,4.714801852130834,24.441438653424193,2.743753365377141,14.276830370269023,6.335631873127867,18.883261839719292,95.12489378857842,29.045014362713605,127.32436583505358,41.69798689575055,216.16153141688625,24.265917309538867,126.26513358632054,56.03270362307781,167.00468639753805,841.2901960796418,0.9737430642736833,0.8139478619052456,0.8896026960872003,0.6672757927516134,0.9583891664752251,0.8129066184991649,0.9016566759401166,0.7416234601122752,-0.34450873077821664,0.9842258936494436,0.9898237741289745,0.9651168604549247,0.984031090953679,0.990364094858554,0.9832675654946577,0.9896940788385021,0.9880418267498409,0.9842258936494437,34.21609200496446,130.57359890764522,56.584000551686,220.72027649899175,31.807235905048685,130.76277363375578,62.215315715921115,170.96153424408428,855.3558009136576,3.284127069607874,14.396598026694477,4.714801852130834,24.441438653424186,2.7437533653771413,14.276830370269025,6.335631873127867,18.883261839719292,95.12489378857845
11819,-49.92608685226267,-160.74448099443208,-8.246111950886807,-235.27035256453547,3.2710845440121776,-158.5057811415287,28.909624548583512,-197.31562575152748,-850.6175676776703,-5.385715937237136,-17.53421454048923,-0.8775291320536069,-25.588817725836932,0.43104904706830466,-17.223182376578475,3.223693714050957,-21.443750249898443,-92.66409076110388,5.735378728680689,17.511872096725174,3.466158035533577,25.630891317533283,2.0221997484030045,17.267983004891533,3.296369706735105,21.496016407342342,92.66822696646612,52.64602619046593,160.74448099443208,31.816459793051962,235.27035256453547,18.562118728865077,158.5057811415287,30.25794356812326,197.31562575152748,850.6175676776703,0.8440259936875677,0.810896767854736,0.7025604436049424,0.6279451824821021,0.8706193183499794,0.7380204481846614,0.8732661660917125,0.6623626407588212,-0.31649304089727015,0.8547641889953966,0.9307211177224028,0.8072518908044757,0.8552590288869353,0.8829319357086174,0.8518292247845102,0.8779902004484131,0.8675505321521141,0.8547641889953967,57.46906373445674,161.942756472821,39.402941386567534,236.92273147085888,25.41961344734663,160.94233205465667,38.9652613911309,199.14342136835333,852.0743189905846,5.735378728680689,17.511872096725174,3.4661580355335766,25.63089131753328,2.0221997484030045,17.267983004891537,3.2963697067351045,21.496016407342342,92.66822696646612
11820,3.323153960796817,-125.24718156335273,61.771816928537056,-207.61326460133515,42.24853597051185,-111.14802614512578,79.51901408229246,-156.54729057132374,-873.0058433100972,0.33650772190536354,-13.7179982680083,6.672913076433075,-22.634828710641518,4.594038533487911,-12.13056067534994,8.649690127073436,-17.066896697899058,-95.09355952776762,2.176488360159821,13.642571158116779,6.976731179021551,22.614311159249226,4.613276293721091,12.106818188176975,8.661622517168002,17.051941006348162,95.0923141754323,19.98149979619315,125.24718156335273,64.050676853368,207.61326460133515,42.35270953436289,111.14802614512578,79.51901408229246,156.54729057132374,873.0058433100972,0.5138384706390391,0.2756058226242497,0.08682466222464291,0.6929390193278383,0.6396367987690411,0.6436843759622456,0.5515863588606901,0.730085248371191,-0.3386098019125545,0.8410645987137597,0.90168929824906,0.8246849488162992,0.8414228460450103,0.8421620399304909,0.8403328458116297,0.8425794594845941,0.8430455333810055,0.8410645987137595,25.34607335533778,128.31507011727825,71.99902755552868,208.46238834404878,47.656002674871964,113.2333657256839,83.04607988199835,157.66804491452478,873.4798602250938,2.176488360159821,13.642571158116777,6.976731179021551,22.614311159249226,4.613276293721092,12.106818188176973,8.661622517168,17.051941006348162,95.09231417543228
11826,-32.86302102845884,-157.59855452285123,15.671154879309517,-223.53443720270155,16.97466570085409,-142.58215316368796,44.7011259090637,-183.87706717439568,-849.7078922888047,-3.6419479726390582,-17.330679579364016,1.6315245090687884,-24.519075154991654,1.8394555115558653,-15.657542965091897,4.871705621148618,-20.167898876694917,-93.08073139157389,3.6991440291293163,17.26347649055402,3.5081768742849926,24.48614781500756,2.1557879288699335,15.618567420026663,4.896598440060711,20.14204658112477,93.07770789381857,33.76954533356028,157.59855452285123,32.0262031057492,223.53443720270155,19.680222673203268,142.58215316368796,44.7011259090637,183.87706717439568,849.7078922888047,0.5379097251517106,0.5505459096245786,0.056599515337183326,0.7044501636716193,0.6844348718472213,0.6565402673371495,0.6057909360374585,0.750957158104595,-0.29525686088220815,0.9058239444427976,0.9801922492481081,0.890582087518782,0.9058137932643237,0.9101181918241563,0.9049517952877687,0.9099050726191995,0.9092274988427219,0.905823944442798,39.4072962519008,158.3142052868097,39.205698366261586,224.04993106482965,24.71462069333633,143.72548736004194,48.875361731094564,184.45793275780812,850.187759596394,3.6991440291293163,17.26347649055402,3.508176874284994,24.486147815007552,2.155787928869934,15.618567420026661,4.896598440060711,20.142046581124777,93.07770789381858
11833,-132.90232526371466,-148.11313844224784,-145.64586312455563,-217.81082286053166,-31.82970595710905,-220.57080716046914,-51.17423491793382,-237.93568719469465,-653.9908993420283,-15.233153856515584,-18.735478643129458,-17.00542278893237,-25.805608198239995,-2.5576324994743196,-26.15744045264019,-4.974886597858055,-28.256522168043247,-80.09611708463889,16.575659355891954,18.19812252461966,18.058188342392206,26.7616234676556,5.59762329272979,27.100732698508022,7.498024042900417,29.234292339548063,80.35348275908026,134.90803381664105,148.11313844224784,146.97422475062837,217.81082286053166,45.5586312589115,220.57080716046914,61.02584877132116,237.93568719469465,653.9908993420283,0.7056862803243379,0.7783070660970955,0.7053355140621511,0.5674738632524228,0.8494141724331353,0.5647505902649633,0.8231809338086642,0.530599450947719,-0.15001457129936302,0.9844782877915031,0.9962637599030587,0.9734227727783932,0.985887923661017,0.9888697203138588,0.9839219583320036,0.9882158316826644,0.9867510898755446,0.9844782877915031,143.7304936460675,150.82901748754105,156.9398095533266,228.61325137763808,49.55520576057352,231.48186349409386,65.62240847625316,249.13551624242334,672.5108003247359,16.575659355891958,18.19812252461966,18.058188342392203,26.76162346765561,5.59762329272979,27.100732698508033,7.498024042900418,29.23429233954808,80.3534827590803
11841,10.217697290355526,-166.65652303917386,62.70837634276119,-141.08803216291912,77.187369903386,-94.39554614586798,84.36487663653433,-135.73134238692634,-717.1366289204317,1.240729067136821,-20.146444788851106,7.515435727615988,-16.94816747172998,9.32139425091117,-11.340112129047368,10.178768879409047,-16.30072410281528,-86.21844198396839,2.349357253713928,20.036829257005227,7.678360049906778,16.96277324825008,9.280105712921365,11.349015365584753,10.143045094353761,16.318747581165425,86.22011263396769,19.540801903272094,166.65652303917386,63.8648347074662,141.08803216291912,77.187369903386,94.39554614586798,84.36487663653433,135.73134238692634,717.1366289204317,0.820826741289626,0.6261742709581921,0.5095315718221014,0.750629808417995,0.8387417740667611,0.8153435119509544,0.8218502364580214,0.7503877356053901,-0.21837925246877754,0.8581140990899896,0.9896592274044919,0.8138881343096157,0.8557179053913209,0.8719648375459473,0.8552145398250164,0.8717898891769156,0.8705811564907864,0.8581140990899897,24.459367181517067,167.23058373779836,71.06593151496358,142.52173951512793,79.74359615935577,96.65393128532924,86.83546904277007,137.07421203064933,717.9417695249978,2.3493572537139285,20.036829257005216,7.678360049906778,16.962773248250077,9.280105712921365,11.349015365584753,10.143045094353761,16.318747581165425,86.22011263396767
11846,-6.022572772239849,-146.12717739461192,57.17401026838857,-193.48405128803174,41.63658983446977,-116.251243479142,66.83907624827972,-161.8825134731134,-822.3791316906425,-0.7220832768713813,-16.411037793202706,6.269667580429178,-21.63061975122681,4.627407379353786,-13.019777904841526,7.433374511308566,-18.094317596735586,-91.77766667318323,2.1767140502717752,16.307084919817363,6.961974333829677,21.591882572697745,4.698052140966508,12.973075462406308,7.458917032246973,18.065304081736656,91.7735261562608,19.505453103691213,146.12717739461192,62.38599133435174,193.48405128803174,42.099069330157,116.251243479142,66.83907624827972,161.8825134731134,822.3791316906425,0.6292694254791351,0.590170411450081,0.16806487382830437,0.7550886560449145,0.7402250260125465,0.7368956350574671,0.6733260320276928,0.7950669086011576,-0.27996399809976524,0.9077463803793558,0.969819715717706,0.8755668464287734,0.9074731748210058,0.9174246373097823,0.9057457377194537,0.9170149697514746,0.9157708841407772,0.9077463803793557,25.77911227242611,147.38705853089223,71.6352566219817,194.34891981310167,46.581847126796006,118.16691235322399,70.586737970052,162.79365945654013,823.1920905239988,2.1767140502717752,16.30708491981737,6.961974333829678,21.591882572697745,4.698052140966508,12.973075462406312,7.4589170322469736,18.06530408173666,91.7735261562608
11850,7.944683764850415,-129.59867313840155,64.54353941453634,-190.77853523532838,49.98100811697188,-103.88733215256934,82.13524750184101,-147.88213598278512,-834.2642370645309,1.019733475389631,-14.524112385167184,7.353455973120035,-21.293372629742652,5.738658489008255,-11.538498176228858,9.351955368493233,-16.471888970760325,-93.54704264765773,2.2556593820089974,14.533331775889133,7.3274387684909,21.394105982336754,5.604922919863769,11.65003490331187,9.210733208388982,16.58365856623983,93.55527068606371,20.114483551908624,129.59867313840155,65.34126905949663,190.77853523532838,49.98100811697188,103.88733215256934,82.13524750184101,147.88213598278512,834.2642370645309,0.9317765322756404,0.8210635468268961,0.8620875874978988,0.660769708917059,0.9302561703763969,0.7933207758883312,0.9014158067169826,0.7157678013796296,-0.3265084874444326,0.9532689355767651,0.9676285422678887,0.9181376068667262,0.9530019125216084,0.9679070836616164,0.9514363558106071,0.9657546468880833,0.9607122613616489,0.9532689355767648,26.173808678532968,131.3783193892774,73.64435900615294,193.2049599204842,54.116874947752684,107.37104618435478,84.95271887764548,150.45018696021594,837.88196545556,2.255659382008997,14.533331775889131,7.327438768490898,21.394105982336754,5.60492291986377,11.65003490331187,9.210733208388982,16.583658566239826,93.5552706860637
11855,-41.92114932165825,-146.83599154764187,12.755900878546038,-240.72715532292312,1.1558570350286297,-152.61517613106548,33.51302798118453,-195.8121000047907,-879.0476658595338,-4.121170171593862,-15.434808142648446,1.5236216488689354,-25.539046180822965,0.6616003780153831,-16.05852203142381,4.128591919292308,-20.641859314140568,-94.29781809337427,4.589534261025842,15.75523771448735,3.2897308472326046,25.829590664182646,1.6791335298486767,16.375333822723842,3.7861296390161945,21.010286037040697,94.3202330164986,42.77363668971664,146.83599154764187,30.65970184848977,240.72715532292312,15.649223532153163,152.61517613106548,35.28604961394248,195.8121000047907,879.0476658595338,0.9388527610640665,0.7812814022617476,0.927620046875801,0.6383097148115318,0.9826832826012064,0.7734448447648459,0.9551076101974204,0.7002905327404981,-0.3337004766569014,0.9839687093338108,0.9910413945541827,0.9707825776071166,0.9838290119283956,0.9891606920468121,0.9833024219613948,0.9883936049685016,0.9866505335913128,0.9839687093338112,48.75861389801897,149.30833180904062,37.91825091743848,244.21133777306605,20.381080251893394,155.87789469911237,39.88527292827437,199.0456504871412,888.7205204971434,4.589534261025841,15.755237714487347,3.2897308472326046,25.829590664182643,1.6791335298486771,16.375333822723842,3.786129639016194,21.0102860370407,94.32023301649859
11856,-44.83700461578197,-124.74664904837857,-17.25117172455652,-183.0619858356832,10.779913463982044,-134.77051459491318,22.63292902747121,-165.0782801222778,-678.7177925427137,-3.7658883270710075,-17.14242564666518,-0.22612825442157145,-22.366346661382583,3.6729822512161148,-15.860970833857454,5.30004266277755,-19.873549562263037,-88.9349310794704,7.235492504031102,16.390936828848897,6.225872311047955,24.0532107955273,3.854427535744139,17.708010659749206,4.115898996355915,21.690263281139792,89.17931300799128,55.06722730478182,124.74664904837857,47.3833019012898,183.0619858356832,29.334926008475637,134.77051459491318,31.324909184769478,165.0782801222778,678.7177925427137,0.8739700465269782,0.7875985664838138,0.9293816897620129,0.6292953080958682,0.9536015124571146,0.7158327170376722,0.9574666601129473,0.6591361145786322,-0.2654636770097689,0.9913690279749287,0.9971069465692167,0.9838754520335575,0.9913215698775144,0.9934564024603715,0.9909746795479212,0.9933339924439354,0.992976499126525,0.9913690279749284,64.96342963001186,131.97462009592329,55.14746208583302,202.119504612147,35.60499047942078,152.38310345420348,40.18986320069708,183.2839053521563,724.6675707880354,7.235492504031103,16.390936828848897,6.225872311047955,24.0532107955273,3.8544275357441387,17.7080106597492,4.1158989963559165,21.690263281139792,89.17931300799128
11858,-12.914709430846742,-132.08316228802252,39.42822512721317,-223.78065776923003,29.183425928111607,-128.18781365184591,65.97740332959455,-171.92601976127483,-891.0691428357773,-1.419899591397236,-14.166842620832126,4.108945017918102,-23.89301553292358,3.0949304341710526,-13.707228531249552,7.01224980393838,-18.355066983526307,-95.00573398662779,1.973445158102714,14.082375506306313,4.745644965975198,23.858932502559334,3.1855603330946245,13.667063204023618,7.0343452755342515,18.330321046549194,95.00355725987805,18.509581495498807,132.08316228802252,44.51094163208042,223.78065776923003,29.87840242336968,128.18781365184591,65.97740332959455,171.92601976127483,891.0691428357773,0.661790161635945,0.563668122838366,0.26042115195942594,0.752133919974379,0.7815484429282569,0.764220380541311,0.6990239777675797,0.8043001792962325,-0.3324060645873117,0.9429855096473444,0.9851885637444285,0.9449557642644166,0.9428927051757464,0.939820595204438,0.9433860714645221,0.9400234399729188,0.9404686415829607,0.9429855096473447,23.059956573617637,133.193331620077,50.71898789186926,224.15096006638476,33.365905403846334,129.09264029933738,68.41830743382666,172.42687501198478,891.7520499844683,1.9734451581027135,14.082375506306313,4.745644965975198,23.85893250255934,3.1855603330946245,13.66706320402362,7.034345275534251,18.33032104654919,95.00355725987804
11867,-3.4055169881344756,-151.31929835231884,51.80217280359723,-169.46521437349531,56.044986297854074,-110.41642687365619,70.49854315582624,-153.02833811157703,-766.4151208399461,-0.4727941963556157,-17.61972341856599,5.820442937071343,-19.641024303020906,6.474699278013328,-12.83638562085318,8.12503255388759,-17.737730149922704,-88.60013433211219,2.1201395876602644,17.49122379926423,6.344657544048728,19.588737345950513,6.478323709114926,12.763199767590105,8.149031942968616,17.688774258700175,88.5910690025758,18.341657421776347,151.31929835231884,54.88861950823507,169.46521437349531,56.044986297854074,110.41642687365619,70.49854315582624,153.02833811157703,766.4151208399461,0.930326530703886,0.8101363328126951,0.7877653002469276,0.7560751011807351,0.8835617712681921,0.8562497571120492,0.8521268901808949,0.7794128488304535,-0.24731991138267317,0.980137671158213,0.976600104946007,0.9638154116399726,0.9808456003467403,0.9866623536717747,0.9793179084409807,0.9856772878273999,0.9834106889669223,0.9801376711582126,22.806885609206436,153.04764935891816,63.743344480555486,171.1728534039234,59.65167391605266,112.49777997586044,74.04394615124394,154.65006710801967,771.8907163916443,2.1201395876602644,17.491223799264226,6.344657544048728,19.58873734595051,6.478323709114929,12.763199767590104,8.149031942968614,17.688774258700175,88.59106900257581
11868,-34.71466583966254,-202.44013247393184,15.790347170798704,-68.9637560369446,84.89572041180254,-128.42932948501596,35.28693348338391,-166.98964293750657,-531.2999911181188,-4.426563561366307,-25.609408973311314,1.9308086114418432,-8.746716417049486,10.698403227640904,-16.266477972058507,4.428202958306037,-21.131582283104844,-67.15899955128819,4.640118813558114,25.584303688845477,4.113686500373474,8.715612148692111,10.729087490488386,16.230847747160766,4.529575059030716,21.10408487484656,67.14548225459798,36.71572534221576,202.44013247393184,32.550240577972566,68.9637560369446,84.89572041180254,128.42932948501596,35.84102917761195,166.98964293750657,531.2999911181188,0.09819869280025362,0.49251711001338094,-0.4452184589718502,0.3303128349080249,0.0853316280197366,0.28815610353713683,0.14423125764618971,0.45542414230309347,0.2213703778231353,0.8241397547267107,0.8078586634430451,0.8230606448737009,0.8415185831738977,0.8303244620759286,0.8246849410232191,0.8268086646433717,0.8204815408416327,0.8241397547267106,42.337534797253895,203.13353509047715,37.91268039221865,71.67626619659636,88.27728626046746,130.05994306361694,42.300008609504296,167.89789216270276,531.4348699875451,4.640118813558114,25.584303688845477,4.113686500373475,8.715612148692113,10.729087490488388,16.230847747160773,4.529575059030716,21.104084874846556,67.14548225459798
11874,-3.0348309330908836,-172.5572581173784,49.471433437445214,-72.39750298819668,99.60856837265496,-99.28742226083587,66.40104225745337,-138.90190359587004,-560.9330605024887,-0.4858963089147976,-22.09327469626478,5.72771275630425,-8.802081461397231,13.391952322569503,-12.836012366756567,8.915844006134574,-17.793762809096187,-71.9424862785323,3.6362830076705066,22.122939436360433,7.198975486890189,9.32548608007035,12.770452831093538,12.729279854311743,8.579068595359361,17.808108649688446,71.91519070677147,28.362733051248856,172.5572581173784,56.15146553401935,72.73808768575891,99.60856837265496,99.28742226083587,66.91608763268695,138.90190359587004,560.9330605024887,0.9524636846513446,0.7133040138443161,0.8255181592463842,0.8824628911474178,0.8049300395872154,0.842173806371249,0.860817849952725,0.7643345452158464,-0.009142222164869596,0.9715460247877789,0.9861489000513923,0.9522568065640621,0.9746596837221744,0.9796664082486315,0.970513215266186,0.9784985017247056,0.9758343238718008,0.9715460247877785,36.716914249019865,176.094561188621,73.64315849492532,79.92608698754155,106.88971421880828,105.92946908128529,75.64189115219723,143.92594773300632,571.0416441720363,3.636283007670507,22.122939436360433,7.198975486890189,9.325486080070352,12.770452831093534,12.729279854311743,8.579068595359365,17.808108649688446,71.91519070677148
11879,-105.95171860463691,-204.99193353584906,-87.75865685820982,-146.81830079737293,20.25546357340719,-199.14923745593774,-26.884450395780114,-228.1973250974709,-598.1146518681873,-12.59545380000501,-24.301211246812755,-10.483163766387747,-17.421128521793094,2.358486763575866,-23.621855239997124,-3.22269199521664,-27.046703639792284,-70.81311128538671,12.54080167968666,24.26353454446075,10.405623280542947,17.377907763054036,3.072510033152835,23.571973390212104,3.8099900247757597,27.01020271847787,70.79486137250345,105.95171860463691,204.99193353584906,87.91253524977928,146.81830079737293,25.958286141294476,199.14923745593774,32.18893028548402,228.1973250974709,598.1146518681873,0.23168924067838348,0.6906826869409729,-0.3349960625867101,0.4156961966562108,0.27604178676437474,0.3809361776384239,0.3186845157998144,0.5443042082418651,0.16274158341433864,0.842814029253459,0.9817093208367864,0.8347791066256123,0.843661888950918,0.8473900750107654,0.8422958606694275,0.8464881105461054,0.8447405260656612,0.8428140292534589,109.27818733235254,205.11926459605192,96.64280289353503,148.51248950545641,32.81233736590083,200.44201948543918,36.64316642158179,228.94572938192258,598.3098365243466,12.540801679686663,24.26353454446075,10.405623280542946,17.377907763054033,3.0725100331528346,23.571973390212104,3.809990024775759,27.01020271847787,70.79486137250346
11880,41.169488629438916,-132.6422464946578,128.40063063678272,-170.46237245160304,76.53048137490647,-75.56818964234488,110.97611473962448,-129.96723705846088,-851.8887745533603,4.5051305824923205,-14.652965988814332,14.039538450337345,-18.743844431976044,8.41637329163842,-8.321326890458563,12.1965754051542,-14.284899415586716,-93.60063345158159,4.633678089946527,14.573791996296073,14.107753242622282,18.72919997178175,8.408628068427793,8.302898258199699,12.193270662356527,14.279880877165313,93.59951397400569,42.173064603899135,132.6422464946578,128.40063063678272,170.46237245160304,76.53048137490647,75.56818964234488,110.97611473962448,129.96723705846088,851.8887745533603,0.5919586179163328,0.6002895578452618,0.09306649581361326,0.7456581800022382,0.7155776264369672,0.7139925077068583,0.6400231792412223,0.7841944514508056,-0.31886416879513035,0.8434147612459235,0.9753623974355222,0.830834355565673,0.843447985662575,0.8477911715395808,0.842679423531295,0.8473423035403487,0.8462979044156703,0.8434147612459234,49.563410588705935,133.6728029935004,135.53542646770816,171.79137256661107,80.14141149258617,79.32131498632354,113.88079041558913,131.6290609057466,852.5666764845034,4.633678089946527,14.573791996296073,14.10775324262228,18.72919997178175,8.408628068427793,8.3028982581997,12.193270662356527,14.279880877165311,93.59951397400572
11881,19.943025690571424,-132.8822357914579,79.1084311479255,-177.62556176964117,59.514911573592045,-89.82619866189191,92.15880115141397,-134.21832385510294,-812.2245641416807,2.181303067124403,-15.523325908660505,8.945092712963918,-20.636107934013097,6.793943455793258,-10.499133203149174,10.55745725348431,-15.607158174506269,-93.922992400016,3.3006149825911235,15.364854242695808,9.441629050908052,20.538417720865425,7.039136902145398,10.386387927588798,10.724290969839226,15.519342901251557,93.91557845218233,28.545216989740872,132.8822357914579,81.6554949354414,177.62556176964117,60.877651998807565,89.82619866189191,92.74853759369908,134.21832385510294,812.2245641416807,0.8912965372257085,0.8355188168576134,0.74229953903634,0.7476788505708192,0.8603335588275267,0.887135443268285,0.80251769606862,0.8124452146970527,-0.3251887260958324,0.9701760633605355,0.9786907588245116,0.9548991542960429,0.9699143924874555,0.9771832309956354,0.9694309400931713,0.9759197739503912,0.9731428937423838,0.9701760633605357,34.08171440310772,134.50634243705778,89.10344938504305,179.65097856050193,64.78862300583663,93.12813868841691,96.5792541622782,136.3917215798458,817.6245652095974,3.300614982591124,15.364854242695806,9.441629050908052,20.538417720865425,7.039136902145398,10.386387927588796,10.724290969839226,15.519342901251559,93.91557845218233
11892,26.471625779222652,-176.76355317954526,83.89938548765036,-71.67490376613979,118.02985677930883,-74.40344314577419,97.21840067954963,-116.44941481336507,-597.544491277778,3.290882020179021,-22.503521862968555,10.49523397969225,-9.139030012053038,14.935697642747353,-9.497037328802547,12.291122756711784,-14.805744017367775,-75.7920400307566,4.095341578784513,22.415959561720314,10.639553225285496,9.089327044586165,14.967749001703082,9.435341974113634,12.328580745796442,14.767328029387267,75.77655524499492,32.29427350440503,176.76355317954526,83.89938548765036,71.67490376613979,118.02985677930883,74.40344314577419,97.21840067954963,116.44941481336507,597.544491277778,0.4774592771341466,0.6703810688836804,-0.011026958016574717,0.6896811263213962,0.5063872748226188,0.6267719775966745,0.5121569908082417,0.7495753397066252,-0.0036967001648544606,0.8781608491234885,0.9364121774144601,0.8701079995433185,0.8851062514156033,0.88667768221034,0.8778606864816652,0.8840952164099555,0.8789602733438396,0.878160849123489,39.50333918477529,177.58430842680866,95.51137251393482,75.12239259756637,121.13080564351937,78.39408391310741,101.02000447430879,118.2540560965466,598.1254744761259,4.095341578784512,22.415959561720317,10.639553225285496,9.089327044586161,14.967749001703078,9.435341974113635,12.328580745796446,14.767328029387272,75.77655524499494
11898,-37.605761337496745,-149.2090495221283,0.071344998258659,-162.58424720575056,47.79264645803208,-141.4464803451911,40.063792882042875,-178.38908534973027,-711.3321891120034,-4.376944269919012,-17.260298084160734,-0.07519061448748807,-18.774983242394903,5.486699782501707,-16.344880444537676,4.592347294534522,-20.590943258870688,-82.01232354959099,4.549405265658761,17.201263045835894,3.7070797169040195,18.74319561884595,5.536722465112702,16.306370981637112,4.713627287761859,20.565224371003758,82.00449059271855,39.462941399773406,149.2090495221283,32.156350355674135,162.58424720575056,48.0272346446834,141.4464803451911,40.88745376048271,178.38908534973027,711.3321891120034,0.363028674285528,0.5029195206801831,-0.16698029722497676,0.5925904691957373,0.4610418344715963,0.5079744066448606,0.43288365178858057,0.6468276575804339,-0.08625440496570569,0.8474304811472946,0.9720045784644419,0.8509268390283695,0.8489398580963544,0.8456110589342218,0.847903052028168,0.8451438588296439,0.8444173716013108,0.8474304811472946,45.41469909589253,149.9498928812245,38.352068389412736,163.74233121120054,53.163246352983016,143.088869073307,46.67922417262601,179.31086148504804,711.6329866107942,4.549405265658762,17.201263045835887,3.707079716904019,18.74319561884595,5.536722465112703,16.306370981637112,4.71362728776186,20.565224371003755,82.00449059271857
11900,31.688519544839263,-125.94961203229633,109.54470511230618,-145.0312899948685,87.9849838361924,-83.03116190502938,102.96257199431363,-134.03783316941949,-786.8743718211741,3.48959336515699,-14.029712475999181,12.099778220188634,-16.145408668075785,9.763645703451337,-9.25921250784369,11.425778774660548,-14.915734160865687,-87.46241331948612,3.7491645160416724,13.998881921172988,12.175530890588721,16.119747181062795,9.77923932979911,9.228638441444756,11.443948610806927,14.897860892397519,87.45847835638587,33.73168077991288,125.94961203229633,109.54470511230618,145.0312899948685,87.9849838361924,83.03116190502938,102.96257199431363,134.03783316941949,786.8743718211741,0.1649811362219309,0.6509355008047046,-0.530489694464362,0.48397809158194827,0.3225789209832367,0.34748888871334216,0.25580889433555176,0.5460372372780522,-0.18956224773023722,0.7986085282190225,0.9468908800672862,0.82335060820553,0.8025928798729269,0.792448102037993,0.8009982714149358,0.7898565974010715,0.7860177272934796,0.7986085282190227,43.49321483561651,126.55677544848965,118.49885406681211,146.73046934127427,91.85616690139699,86.88067453500405,106.67218788163765,135.76083454867006,787.158626440658,3.749164516041673,13.998881921172988,12.175530890588723,16.119747181062795,9.779239329799108,9.228638441444756,11.44394861080693,14.897860892397519,87.45847835638587
11901,-83.15525868271466,-157.9879653325777,-62.815958887729316,-173.3986501790892,24.45661863677011,-184.0441074450573,-1.7695824248335847,-215.23569497404432,-680.1132274085551,-9.428826717423116,-17.932645582785863,-7.173755534236734,-19.65171062191253,2.7847396269012616,-20.861012126121476,-0.18912233664806616,-24.380933792388074,-77.05741165602706,9.460348960746957,17.899730763403262,7.9162245474224315,19.645731536636433,3.6129182578346075,20.85184124577167,3.0419048861839277,24.385787756676372,77.05551263740531,83.49965166517428,157.9879653325777,69.87078330363035,173.3986501790892,31.888613969279923,184.0441074450573,26.848692310277617,215.23569497404432,680.1132274085551,0.4293924491117024,0.7364709878439666,-0.0428128395959102,0.5489875749371826,0.4784362564698632,0.5099005934902006,0.48232232334108815,0.5612217116259961,-0.05073058587233392,0.666711277079594,0.9245788696246932,0.6958411342178905,0.6818299560856312,0.659504556364296,0.6696282923505508,0.6559925937043216,0.6508969125920122,0.666711277079594,89.85392055299596,158.64063025523984,78.23101032277978,175.82969059988298,41.087654931007286,186.55717258561813,33.05030756395085,217.0236641048189,680.5806946335356,9.460348960746954,17.899730763403266,7.916224547422431,19.64573153663643,3.612918257834608,20.851841245771674,3.0419048861839273,24.385787756676365,77.05551263740533
11903,30.756588029729016,-154.74835876142,109.20656950109064,-131.28641633327123,92.4972810472594,-80.45196801302541,100.88142141109691,-131.10226535889188,-749.1186678437163,3.505075399871708,-17.80582947837494,12.433456902569773,-15.031834978726394,10.598973610961465,-9.2217049492377,11.553060374317582,-15.004840990097609,-85.72781199756685,3.8098696274769437,17.708712716238228,12.497113258579235,15.023832556277593,10.584976733901442,9.206564776529595,11.54442040273362,15.002759139229418,85.72580275095468,33.29271197710633,154.74835876142,109.20656950109064,131.28641633327123,92.4972810472594,80.45196801302541,100.88142141109691,131.10226535889188,749.1186678437163,0.6530583295834405,0.5800615399992455,0.19627512490767052,0.7808651018611282,0.7315288370562814,0.7568140701887227,0.6917988975994931,0.7910075779912445,-0.1952684605354178,0.8497362206647936,0.9780746904016935,0.8287628194585098,0.849053912152555,0.8568583678980479,0.8484914894326357,0.8562174539131067,0.8546653714992694,0.8497362206647936,40.30174231480334,155.66178072145527,116.61062417716768,132.96181753779504,95.32605612268397,83.66383493327695,103.71734161262592,132.63712539650516,749.7880351054223,3.8098696274769437,17.70871271623823,12.497113258579233,15.023832556277593,10.584976733901442,9.206564776529595,11.544420402733623,15.002759139229422,85.72580275095468
11904,11.190845160640922,-170.4930844360813,89.74135302950664,-133.8765790118375,79.62583625247845,-97.23321595748148,80.07010338336626,-147.28083255401813,-728.6135580453213,1.263662048587402,-19.648396257106036,10.216811495061938,-15.368589520689552,9.145201321122528,-11.174084408271819,9.19047129379232,-16.89961776845534,-83.5832939536431,2.744213641394991,19.557444687497114,10.294326915727352,15.357126053737133,9.133965130341583,11.153726552403583,9.184927489709706,16.894742362899905,83.58004318570568,23.92283120565883,170.4930844360813,89.74135302950664,133.8765790118375,79.62583625247845,97.23321595748148,80.07010338336626,147.28083255401813,728.6135580453213,0.6237065137997077,0.6625769628176144,0.1491675421062525,0.7566767071778954,0.6992866080802151,0.7226952913653097,0.6710346612221776,0.765295929589519,-0.15731700289199657,0.8342124815087923,0.9803842439690655,0.8179081085518716,0.833206338315463,0.840226578126392,0.833155292102082,0.8398000749195991,0.8386869377744385,0.8342124815087925,31.094108099344353,171.0465730553269,100.41745987943709,135.95159901985963,83.80233946261814,100.54740809395551,84.48986831568403,148.96520478250218,729.3231463388142,2.7442136413949916,19.55744468749711,10.294326915727352,15.357126053737131,9.133965130341583,11.153726552403581,9.184927489709706,16.89474236289991,83.58004318570566
11905,22.560311085039054,-134.3566379889941,89.71056483305293,-161.30115996261728,74.91698836028394,-90.53993517643694,95.74497377211554,-138.2215569735819,-800.0222182158208,2.4825116451670084,-15.119019554808954,9.966080627170294,-18.122404768759488,8.372692513409268,-10.195071799495437,10.703915044954925,-15.527609023508834,-89.70635511120753,4.275690732309012,15.064593464452095,10.370318616642479,18.085718997973405,8.406451007812246,10.253627079826996,10.735302160952411,15.497943346879397,89.70163037971943,38.13361663089743,134.3566379889941,92.48979386629838,161.30115996261728,74.97464153241413,91.44905668309504,95.74497377211554,138.2215569735819,800.0222182158208,-0.1569578876153075,0.5672027667891406,-1.0352706583091726,0.23085094673006967,0.07872706206741886,0.04951704000347357,-0.012226275982433199,0.3237154950170017,-0.2363418408378719,0.6789821331198449,0.9542335080442739,0.6382611234125096,0.678919496043665,0.7040096348397663,0.6756822465259169,0.701112568053101,0.6948880860740629,0.6789821331198447,52.794761615913465,135.30563915147232,116.08848600958846,165.4239026378509,85.13874589027128,99.83689236591488,104.93169219812587,142.31742390352701,800.4382310877095,4.2756907323090125,15.064593464452093,10.370318616642482,18.085718997973405,8.406451007812244,10.253627079826996,10.73530216095241,15.497943346879396,89.70163037971943
11910,-180.46580834106751,-194.31365562561257,-204.68380186450437,-165.99975903409768,-22.870948107743825,-263.70698463623455,-93.67413503365363,-277.3307174412595,-534.8287682190075,-21.987651589871064,-23.72225354723935,-24.982025441645007,-20.208353964511698,-2.810835999231211,-32.097727854152424,-11.417860361679496,-33.73539911845421,-65.01388623947344,21.928507834315894,23.611168003901355,24.87125064854708,20.170729568862054,3.2573289033544985,32.043192733942156,11.382399928500982,33.69862061966665,64.98736210320212,180.46580834106751,194.31365562561257,204.68380186450437,165.99975903409768,26.806953670449374,263.70698463623455,93.67413503365363,277.3307174412595,534.8287682190075,0.6668403805877848,0.5985982167465496,0.421192508780311,0.7352068638629747,0.7064243961955534,0.6448585097885676,0.7456640992316004,0.6365885342211777,0.19508370634399452,0.867422125566732,0.9684862696407986,0.844429788086502,0.87149413792325,0.8800663038411088,0.8659900267912253,0.8777693758515206,0.8730999011866812,0.8674221255667329,181.89360846290742,194.9937133366719,207.1329699618654,167.26533117863332,32.4279302348581,264.49010077952,96.11197014542336,277.9496687330838,535.2928306426993,21.928507834315898,23.611168003901348,24.871250648547072,20.17072956886205,3.2573289033544977,32.04319273394215,11.382399928500982,33.69862061966665,64.98736210320212
11916,-305.24733141611114,-260.0926233565914,-361.65034292696487,-125.43542313676062,-110.06076075238984,-355.24782315280436,-224.5526903170477,-349.66359453553673,-348.09409099611315,-45.426729322478025,-38.780990573934,-53.84386989773441,-18.60937312510335,-16.361013766420168,-52.861829956261005,-33.4002999032045,-52.0211644482086,-51.79645994727087,45.40067162572737,38.68462905311853,53.78971991789938,18.65651840311439,16.36978261076211,52.83744722645481,33.39863090190422,52.006882292244306,51.77344367550616,305.24733141611114,260.0926233565914,361.65034292696487,125.43542313676062,110.06076075238984,355.24782315280436,224.5526903170477,349.66359453553673,348.09409099611315,0.43388449250136885,0.6039928174694196,0.3659196926201639,0.6618868936686453,0.7763398330899478,0.3241225887632092,0.5577687447681793,0.3158562718722714,0.33672908529405843,0.9120551460178757,0.9610746675523939,0.9066763995314497,0.9198560358864682,0.9187671169800912,0.9119952939008495,0.9163915102200276,0.9115838565770068,0.9120551460178761,305.80799447962613,260.31973635948214,362.13499941755987,126.58320497699108,111.14890191913314,355.83293054705626,225.22219148949435,350.2932614572327,348.68121569135087,45.400671625727355,38.68462905311852,53.78971991789937,18.656518403114383,16.3697826107621,52.83744722645481,33.39863090190423,52.0068822922443,51.77344367550616
11917,32.63355965163973,-161.85226050962075,102.29633250266737,-74.44854066228626,112.42729182249259,-67.03130436983687,97.8123805812017,-112.5453480824005,-604.2944119281657,4.445665868908235,-20.602435836230963,13.456348849019692,-9.313489707111753,14.753780418344517,-8.389160386227017,12.856290862656664,-14.262398361605532,-77.59195549054859,5.078279957093184,20.79649111171169,13.187532533698857,9.68696939574264,14.445848131736803,8.770542889072914,12.567969684003325,14.461017249252532,77.6461405416956,39.52258513905528,161.85226050962075,102.63423476863875,75.39050149212484,112.42729182249259,68.25825495598205,97.8123805812017,112.5453480824005,604.2944119281657,0.938771067692464,0.7134010205901069,0.8029797817564726,0.858370941681667,0.8044218147754503,0.8759574461690841,0.8286602206773361,0.7923348922081916,-0.09850468557392356,0.9807613837939145,0.9812432448000679,0.9712697581958816,0.982128389443208,0.9843799962588327,0.9803324617484211,0.9837603864636274,0.9824045749920592,0.9807613837939142,44.6012257091041,166.49507143495367,111.27949943187089,80.55591370982661,117.49208886816321,73.88138671183486,103.27818658602432,117.55007857533187,615.431098053694,5.078279957093183,20.79649111171169,13.187532533698857,9.686969395742638,14.445848131736803,8.770542889072914,12.567969684003323,14.461017249252532,77.64614054169559
11918,-75.47423926583217,-201.43178340735588,-45.68709752868853,-128.81266840322044,41.29153476189027,-169.29555047606698,1.2205281908912315,-201.7389260725508,-595.8149931339268,-9.180102933641288,-24.50210441107431,-5.6057662320059505,-15.642786870123892,5.012648327639692,-20.565562406236186,0.145611601511979,-24.490973227447732,-72.31326945415329,9.159408393942252,24.445373490280925,5.544498211174044,15.632457480796159,5.011061174988659,20.545382122050132,1.410175718703,24.482647732897874,72.306960658802,75.47423926583217,201.43178340735588,45.68709752868853,128.81266840322044,41.29153476189027,169.29555047606698,11.619957864379954,201.7389260725508,595.8149931339268,0.7883719457101059,0.7031571576616257,0.48366992329179337,0.8182128816422614,0.812315259728795,0.7704505924166524,0.836548529539483,0.7189527178540152,0.02616602900512499,0.9029897269907685,0.9756326831288972,0.9041659399544169,0.9077150454747597,0.9046963491783239,0.9032574509761304,0.9034117077731664,0.901137526990324,0.9029897269907683,77.11369186437813,201.63946318094324,51.22641838389409,129.52659468799285,44.112505874933305,169.88205310931943,15.32920637957759,202.19923720713848,596.217467767089,9.159408393942252,24.44537349028092,5.544498211174042,15.632457480796159,5.011061174988658,20.545382122050132,1.4101757187029997,24.48264773289787,72.30696065880198
11927,14.162965224547213,-143.32801888112985,83.61561139446286,-170.44343218093658,63.846363622284315,-97.44322943947067,85.9957830980756,-145.549462070866,-804.4917220057227,1.6223372400827725,-16.154544758101473,9.396300234405448,-19.13301776730506,7.222735029119069,-10.927422302674984,9.711882372792775,-16.326672149811237,-90.41951430479422,3.1323249473426533,16.10962690274575,9.398136619239331,19.157315658814554,7.1761341926107765,10.952318204931217,9.665660571701656,16.359310260205504,90.42238627890455,27.868425004805175,143.32801888112985,83.61561139446286,170.44343218093658,63.846363622284315,97.44322943947067,85.9957830980756,145.549462070866,804.4917220057227,0.8272651596798175,0.8174747084142491,0.5513712772898517,0.7530699358650031,0.8478816248210326,0.8380706474848638,0.8062776265153231,0.7786572361939182,-0.2766653983133296,0.8839869249603332,0.9304327827343166,0.8295976065502251,0.8857925967261276,0.9137353724361398,0.880770500105742,0.9086915312251885,0.8977459118332377,0.8839869249603329,34.394587729258895,145.15145214498472,96.24603767545509,172.66540175711964,69.1876014983638,101.66795374767382,90.56923330059685,147.89009238281065,806.3007327397394,3.132324947342653,16.10962690274575,9.398136619239333,19.157315658814554,7.176134192610777,10.952318204931215,9.665660571701654,16.3593102602055,90.42238627890454
11930,-367.6714199189133,-328.9583783982263,-414.8398587135971,-73.02511472181773,-147.99345944184185,-412.36996107258847,-291.90235908135094,-409.674503634413,-314.40158468376086,-52.63311261735804,-47.12951394886791,-59.38822773560235,-10.417613845884619,-21.193256966744748,-59.02546377728305,-41.78420811526335,-58.637442093186074,-45.01553031607542,52.60651154084882,47.06744063349213,59.3553826398415,10.448450252761948,21.17493830174345,59.001989115849106,41.765456845138274,58.61632244406777,44.98465123227441,367.6714199189133,328.9583783982263,414.8398587135971,73.02511472181773,147.99345944184185,412.36996107258847,291.90235908135094,409.674503634413,314.40158468376086,0.3967855688402022,0.5205200953780293,0.3244916056583439,0.7455821344827748,0.7051806641109941,0.29963559314243515,0.5168886968789849,0.2967435420200071,0.5002617556439724,0.8046927261489065,0.9093069801989263,0.7931506386067901,0.811824586008384,0.8153330673162728,0.8041935284742922,0.8122427995787191,0.8061208392287901,0.8046927261489066,368.05418582729004,329.1757148260304,415.1977834169445,74.87820324511887,149.0947814580234,412.72691847226906,292.36831856589384,410.03501165861286,314.8607301951804,52.60651154084883,47.067440633492126,59.35538263984151,10.44845025276195,21.17493830174345,59.001989115849106,41.76545684513828,58.61632244406777,44.984651232274416
11931,-241.87530070343175,-260.9738844825584,-287.8679232513143,-83.9454556421407,-36.72826493135972,-305.5417955560714,-157.338397104606,-307.82928093220323,-345.9317948061053,-33.56281843329724,-36.22253435827036,-39.959032249317936,-11.662700047607409,-5.140580973767277,-42.374226017756605,-21.84173734476103,-42.68066473880649,-47.96116909727231,33.500036787615755,36.14521493243421,39.87007350832311,11.626552376312894,5.370216261861324,42.31792730185674,21.791568117041788,42.63474693589415,47.911993569858744,241.87530070343175,260.9738844825584,287.8679232513143,83.9454556421407,38.77376856076619,305.5417955560714,157.338397104606,307.82928093220323,345.9317948061053,0.5365982115948686,0.5939925705680255,0.38903125687649287,0.610175444964032,0.450807618236135,0.5268043768118543,0.5933523886819401,0.5397292282630264,0.4891516223593748,0.8229411426659854,0.9363392444858786,0.8022799813021771,0.829303242592174,0.8355677772773842,0.8216591999086815,0.8331788048670752,0.8283972586187544,0.8229411426659852,242.78390300695133,261.2652068005275,288.9492861417446,86.74289178622848,44.75883097936164,306.1103076011375,158.74246080562494,308.3139277456515,346.3618856430661,33.50003678761576,36.14521493243419,39.87007350832311,11.626552376312896,5.370216261861324,42.31792730185675,21.791568117041788,42.63474693589416,47.91199356985875
11933,-184.72612604871125,-229.03237939461118,-196.2805785316602,-99.69572830278909,-9.487407570890735,-260.21647787719377,-104.9916989367346,-276.37462671695914,-430.31871344861383,-24.149937941359514,-29.834117441721915,-25.798060948749928,-12.722722522315733,-1.2755592480151974,-33.89349738702443,-13.69282537517645,-35.93893888020315,-55.82546670553115,23.90283771344415,29.63589348671643,25.397938641911637,12.900237044525047,1.8486335137205572,33.670993779312155,13.585514916724808,35.761794998002486,55.68155730125566,184.72612604871125,229.03237939461118,196.2805785316602,99.69572830278909,14.28662619758089,260.21647787719377,104.9916989367346,276.37462671695914,430.31871344861383,0.6807268314109347,0.607468035974167,0.6751348261554211,0.8204192843300575,0.9863481626278533,0.541158247336195,0.8187235964229013,0.5072271953689147,0.22375662240535932,0.9911415229947872,0.9799348692941214,0.9815331419919526,0.994666632357038,0.9941159798978009,0.9908279930983991,0.9934954757204324,0.992057118278242,0.9911415229947871,187.53603711917307,232.72535577726933,199.44101257783456,101.89831706780198,17.31977567057487,263.94661329977185,107.16008738954552,280.3878428333816,436.4985007758363,23.90283771344415,29.635893486716434,25.39793864191164,12.900237044525047,1.8486335137205574,33.67099377931217,13.585514916724806,35.76179499800249,55.681557301255665
11934,-72.1593716830604,-209.90200872756554,-30.562935945303373,-128.02040653073573,45.49215448938014,-170.30105616692282,3.8981156373982193,-207.57655024549177,-619.004322708211,-8.437102675674119,-24.50603323258705,-3.6521954119793434,-14.91615543359027,5.2742377441208745,-19.848373707610595,0.431506834069655,-24.16782234316991,-72.00608940058434,8.392393430777453,24.412355568857436,4.008203208331921,14.88923190036899,5.315918773112425,19.806622919435167,1.8646036234966592,24.14189641665998,71.99242025466194,72.1593716830604,209.90200872756554,34.46328243270461,128.02040653073573,45.70726596053332,170.30105616692282,16.03221143280128,207.57655024549177,619.004322708211,0.6891446994747723,0.602931266251356,0.31391982523619966,0.7941301741917979,0.7184978333489571,0.7398202109053529,0.743553078241558,0.7418116191154058,0.053748005058036896,0.9081207002977826,0.9815450618436431,0.9028218100659491,0.9053498076815123,0.9077716900815264,0.9079035584882295,0.9081423638458477,0.9086593402753215,0.9081207002977826,74.92156339242966,210.3474334022594,44.055137333792665,129.11920767748308,49.54106678341711,171.1644079978564,19.497776702179642,208.13607017297815,619.4601610493187,8.392393430777453,24.412355568857432,4.00820320833192,14.889231900368989,5.315918773112423,19.806622919435167,1.8646036234966592,24.141896416659975,71.99242025466195
11938,-124.184582287781,-220.26808616668367,-115.46053482586001,-128.665905230089,19.231458993104965,-213.34120671318038,-43.25911800291153,-238.97162370486194,-548.6008299082814,-15.024516438050686,-26.67760082137726,-14.00444646466998,-15.546409606051103,2.3200836773796825,-25.79153686682526,-5.232595110770737,-28.877179051370995,-66.2710353742703,14.999238809985465,26.604378464440202,13.94553255385969,15.540501112906282,2.471115506858613,25.767737415953956,5.224914636596194,28.863425609894644,66.26100203068582,124.184582287781,220.26808616668367,115.46053482586001,128.665905230089,20.459334696358,213.34120671318038,43.25911800291153,238.97162370486194,548.6008299082814,0.8095035466783388,0.6705004140116211,0.6235726694385297,0.8195392941659818,0.8512082498488387,0.7276347748194212,0.8799966164764077,0.6701217567725546,0.12340605063836552,0.9212902950264729,0.9821030956469876,0.9079555000945404,0.9179300294968951,0.9236609414136157,0.9207304777423307,0.9234405683026907,0.9228116312263926,0.9212902950264729,124.99538070506314,220.47375450521886,117.2093011573584,129.3628477918848,24.123252990541584,213.74851905991048,45.43334946025194,239.3316492590064,549.0035998109475,14.999238809985464,26.604378464440213,13.945532553859692,15.540501112906286,2.471115506858613,25.76773741595395,5.2249146365961945,28.86342560989465,66.26100203068583
11942,49.931752233082236,-132.81801745418826,133.21583424697607,-136.07397461276557,93.99221129661788,-61.90194723368709,116.8148567303904,-114.01685975793141,-775.0756405471598,5.569515744204597,-15.585433008113677,15.084419040228292,-15.972549803599678,10.766921819842278,-7.39222583292707,13.393740618507005,-13.394123293586082,-90.00088499173867,5.882501882221284,15.418988002960472,15.502058281063208,15.796975608321118,10.911657967294678,7.277927753456351,13.561163681084881,13.236341171476607,89.97937352216292,50.67143430665815,132.81801745418826,133.53357865994673,136.07397461276557,93.99221129661788,62.691529120023326,116.8148567303904,114.01685975793141,775.0756405471598,0.8205839644464137,0.829815098652698,0.6117163486582329,0.8213453441264131,0.7874817878870777,0.9140939312098469,0.74337036446114,0.8509898998319159,-0.2659003460611009,0.9617797406352973,0.9838596119836257,0.943032226744887,0.9621887561496076,0.9692964392853256,0.9608287885231145,0.9681329347126023,0.9655884536435447,0.9617797406352974,60.83544777356439,134.17532488874554,143.6154681794685,138.92249464147585,99.60430252007693,68.3565483266537,122.19218418999498,117.07982062086855,780.4085942340457,5.882501882221282,15.41898800296047,15.502058281063208,15.796975608321114,10.911657967294676,7.27792775345635,13.561163681084881,13.236341171476608,89.9793735221629
11944,27.357022414218704,-156.11113972382532,78.18631341519503,-118.75048103247636,90.06377261172068,-73.52866463500914,97.36204619474165,-113.67199409083524,-673.612971288769,4.060054805983345,-19.73524794574958,10.432634748349901,-14.685090317724466,12.084102679508831,-8.873411225355934,13.0400278392633,-13.970679576473554,-85.74297163723692,4.026144959653373,19.889349026844947,9.961331903592345,15.129412087689659,11.474580297843573,9.443911914033153,12.404417277080954,14.495617799208487,85.82170060813208,31.60113875504381,156.11113972382532,78.18631341519503,118.75048103247636,90.06377261172068,74.1250933030158,97.36204619474165,113.77584115905954,673.612971288769,0.9596735228322839,0.7150785156175146,0.8527280251974686,0.77294129826076,0.8570241706984887,0.8527177623258096,0.8446324861974817,0.7767307103707226,-0.2160368001463424,0.9835886483756334,0.9863429472227689,0.9698019805140597,0.98444459837768,0.9884627192889074,0.9829551076860399,0.9877269492520929,0.9860231814646101,0.9835886483756332,38.15641326668869,160.34643196105736,88.07857489047123,123.50383161914705,93.7750994372948,79.47381582295093,101.14711422744425,118.41515457578531,685.2649393150082,4.026144959653372,19.889349026844943,9.961331903592344,15.129412087689664,11.474580297843573,9.443911914033153,12.404417277080952,14.49561779920849,85.82170060813208
11946,-26.368869797109006,-160.99646274320463,-21.358493751435685,-110.45158477812362,82.37776034777808,-122.56498587722248,56.19008966428353,-148.23110532969997,-589.5158544630776,-3.2372775485886325,-20.582938276481407,-2.6264862547825905,-13.99256771360543,10.688977563334632,-15.544502528014926,7.337009767182585,-18.81877887186634,-75.2758911632802,6.218509128397954,20.566966944936503,6.177100585737589,14.109962755957525,10.740727701110053,15.657424829042348,8.00032557746675,18.936218793763647,75.30943777067472,48.67795897609881,160.99646274320463,48.35381643658297,110.45158477812362,84.07750018737677,122.56498587722248,62.62586613838258,148.23110532969997,589.5158544630776,0.39169809663858424,0.7640542600250328,0.30485363954427236,0.42254940263294816,0.36830249984421526,0.4031225063603636,0.375766391610857,0.38543065781444685,-0.17479074018626828,0.4249884017515154,0.9047792176468945,0.4380656423095237,0.44042905037581886,0.42552550013885565,0.4265222088759871,0.42222939756814787,0.41659262628154403,0.42498840175151575,57.51914113112669,162.03967413800012,60.75403246388609,119.63328630093534,97.61722518810753,131.38454802039644,76.60822473270201,155.08025064126693,590.821834000527,6.2185091283979546,20.5669669449365,6.1771005857375885,14.109962755957522,10.740727701110053,15.65742482904235,8.00032557746675,18.936218793763647,75.30943777067469
11949,48.03105219511567,-187.15052425188574,115.39797618245268,-82.83015493139496,118.5842724153096,-53.190602458164626,116.21683750472891,-98.46609619086743,-636.5395103817606,6.181564679044546,-24.219829652126062,14.862788759313487,-10.717747257097091,15.300237553745557,-6.891236308206829,14.993812133325882,-12.733467876987644,-82.22468557486187,6.3361947544947785,24.173969760991525,14.905794134777173,10.699054510340808,15.317363533743835,6.870555241736849,15.011565299043369,12.718727031708694,82.22091248291007,49.05367971375788,187.15052425188574,115.39797618245268,82.83015493139496,118.5842724153096,53.190602458164626,116.21683750472891,98.46609619086743,636.5395103817606,0.7445356585678244,0.7444836295933421,0.4441825989161988,0.8619886108843977,0.6855416635982805,0.8563426718994647,0.6821885466025572,0.8537144006913389,-0.1459864389761365,0.9142925886769563,0.9495098715506122,0.8482789516670226,0.9179039853732766,0.9410288507058695,0.9104643853441886,0.9378842700118865,0.9302425190786687,0.9142925886769564,53.984473758270894,187.75287135144663,122.3580263167354,85.14487628631994,120.70324923654543,57.39019485018747,118.48695835515241,100.0484644904287,637.7345202042741,6.336194754494779,24.173969760991525,14.905794134777173,10.699054510340808,15.317363533743835,6.870555241736851,15.01156529904337,12.718727031708692,82.22091248291005
11952,-100.8997034558517,-194.82509615990003,-70.47668406079369,-156.53049422292293,19.45161825332365,-198.3769840864613,-22.62090804861829,-232.02409789314044,-637.6183357568318,-11.522506137932039,-22.221982297100816,-8.087401278663958,-17.846419546267512,2.1907166422096904,-22.616387869265147,-2.6006513065470918,-26.437790683644934,-72.59860255642653,11.486581330221936,22.17919612804586,8.02317683423988,17.819678264348397,2.6540299796986444,22.58354864987592,2.8019228293763576,26.413989137114434,72.58747667693811,100.8997034558517,194.82509615990003,70.47668406079369,156.53049422292293,23.313362802730378,198.3769840864613,24.612473847759976,232.02409789314044,637.6183357568318,0.47225029355559,0.5898949309293342,0.05200242403760269,0.6387205698605816,0.501216494994763,0.5803819540521702,0.5272115052332285,0.6632733655365508,0.08933257934080963,0.8750347279808651,0.9613072624432638,0.8712889158103894,0.8823423878101048,0.8779301067054309,0.8751989835289474,0.8762439972744757,0.8732157397730904,0.8750347279808652,102.85497343899601,195.18723588268455,76.44251148041758,157.3207719122216,27.535932629345623,199.0858934048007,29.562228956984573,232.4679505585741,637.8198395433506,11.486581330221936,22.17919612804586,8.023176834239878,17.819678264348397,2.6540299796986444,22.583548649875926,2.8019228293763576,26.41398913711443,72.58747667693811
11955,-27.112743803759358,-172.06739109011977,17.827326496867126,-171.88925207160884,38.03197178184337,-127.0591437084128,45.13458762454954,-165.00272602753492,-720.8109139956883,-3.4386326761392203,-21.125633620614114,1.8167807639477669,-20.83581582959005,4.552374241797603,-15.476728926609576,5.371926225098542,-20.005360913185903,-86.9405058088805,3.8711151345462573,20.748418234086323,3.9393101448495766,20.72693768023787,4.5981960065182825,15.321184551152314,5.455737574213366,19.89653906933816,86.91760952802251,32.10329935978297,172.06739109011977,32.66884307380828,171.88925207160884,38.13300761707196,127.0591437084128,45.24463119434374,165.00272602753492,720.8109139956883,0.9628042905608668,0.7471873588909024,0.8878213425877094,0.7253391466823489,0.9245072742191339,0.8070973707023872,0.9072403346613289,0.7353724010662044,-0.22546847575901796,0.9839238331168295,0.9953289871611825,0.9746773915647646,0.9846339571190307,0.9873411418280215,0.9835191873433482,0.9867459979346311,0.9854306498474963,0.9839238331168297,36.92672115283433,173.6827027534553,40.325725704241634,175.0962944329344,45.07846332821804,130.2656891150208,51.907348403442555,168.1594297836683,730.8232430554278,3.8711151345462596,20.748418234086323,3.9393101448495766,20.726937680237867,4.598196006518284,15.321184551152315,5.455737574213366,19.896539069338154,86.9176095280225
11957,-49.67572440020357,-183.52632169110834,-20.93237412434346,-74.75692058029391,69.31394707392742,-135.65178269431354,20.267812705927355,-166.32922944968098,-492.528728493852,-5.969458114557625,-24.77080376195609,-2.2274411909165157,-9.49899483466133,10.346024381656097,-17.746777847745975,3.6464890767677756,-21.881635869718615,-66.5707180735761,6.9763428609003,24.907947192587283,3.9932237917866105,10.14590938747407,9.40719629488885,18.410478719325777,3.1919773518281076,22.57398080853656,66.84534102309854,51.40297328469088,183.52632169110834,29.42280504007653,74.75692058029391,69.31394707392742,135.65178269431354,23.519074365015424,166.32922944968098,492.528728493852,0.8656311601619213,0.6491561410645693,0.9376615723918278,0.8231980893568338,0.9016836635563358,0.7089957421556496,0.9557912933415212,0.6466027153592557,0.042340989547744234,0.9932538789559773,0.9938838064339124,0.9876662915794571,0.9953757805711985,0.9957511781216332,0.9930000703805626,0.9953017615679506,0.9942575733568668,0.993253878955977,57.671783023856925,189.88391703172735,36.41288089494853,81.0186225874991,71.60171344572333,143.12015919997182,27.51896230098709,174.48872200530923,508.5514592991802,6.9763428609002975,24.907947192587276,3.993223791786611,10.145909387474068,9.40719629488885,18.410478719325774,3.1919773518281076,22.57398080853656,66.84534102309853
11963,-19.38492908755128,-172.1292066605151,19.343533864150025,-144.34177206522534,61.58997121897336,-120.59388469994488,55.94030190593088,-157.34726477659382,-682.9338593445539,-2.282336930889024,-20.81877106510072,2.389477472946943,-17.354513158423003,7.498580839345066,-14.494769300493873,6.813308455291319,-18.929883659317134,-82.35013031466367,4.4413451365002095,20.758358919780978,5.570402820742084,17.407262659129465,7.435338125566557,14.543325857937514,6.810327500502245,18.975693089205407,82.36014355602936,36.82782525370191,172.1292066605151,46.19002022361925,144.34177206522534,61.65414413308335,120.59388469994488,56.4715290977399,157.34726477659382,682.9338593445539,0.3982837378394317,0.7185512887751513,-0.06869543348611296,0.43371483190989,0.48889778065965095,0.42906968162823866,0.47882327074614395,0.49660486709483365,-0.2354086117940708,0.4849890971415145,0.9755633639432506,0.36195994083215655,0.4665304269994742,0.5343486514062574,0.47481024775655245,0.5354050019864794,0.5338328132746419,0.48498909714151467,44.86231936086564,172.43675988491273,62.35602786973352,148.79794165019587,71.41081154803358,126.36153892393773,66.91249861003708,160.6358201686873,683.618494970463,4.4413451365002095,20.758358919780978,5.570402820742084,17.407262659129465,7.435338125566556,14.543325857937514,6.810327500502244,18.975693089205404,82.36014355602934
11966,14.287570450565335,-139.89249661167995,60.12631823994058,-173.91468214115326,58.958912257801195,-91.12663911961522,88.85443677035248,-130.49025726992858,-779.4260975796927,1.7963158417480842,-16.825696462359637,7.304204455863239,-20.873521090506117,7.177631348141117,-10.902229895788675,10.780110356090827,-15.639927637022593,-93.8113528585867,3.0831455013181195,16.838229739303998,7.502464670886363,20.93332697506714,7.09661871667129,10.968503115117153,10.695008352368902,15.706524537560435,93.8160088191626,25.614861435801348,139.89249661167995,62.33069210959713,173.91468214115326,58.958912257801195,91.12663911961522,88.85443677035248,130.49025726992858,779.4260975796927,0.9080665561088241,0.8056970658453437,0.7530302229209034,0.7219536623444129,0.8826318310907183,0.8574093522112107,0.8293589754452105,0.786654270218553,-0.3261972036369509,0.9372014967572931,0.9559332975453125,0.8962553691890316,0.9367390297751353,0.9561135478917713,0.9349440818907666,0.9532019866725984,0.9466442714766231,0.9372014967572931,31.24202672651495,141.64105137508747,72.62330126745027,176.06154544077808,63.60758674494711,94.91261362272145,92.57783626777993,132.83597331996245,782.5885171421385,3.083145501318119,16.838229739303994,7.502464670886364,20.93332697506714,7.09661871667129,10.968503115117157,10.695008352368902,15.706524537560432,93.81600881916259
11968,-54.97741366408341,-163.40809570233841,-22.270153090724705,-225.18985530735037,8.252742378436738,-161.6933193395254,25.859323071847307,-197.72234660815397,-818.8680617693595,-6.098098538789849,-18.145989826029947,-2.521349931143,-24.899980249430207,0.9113239334207419,-17.8889080844538,2.8520736649309653,-21.859331394865066,-90.48548189513058,6.074883956774857,18.056237149580294,3.5540050186840615,24.88298644955694,2.157697456693768,17.86675811225128,3.213757394008512,21.847886818481857,90.4831297003673,54.97741366408341,163.40809570233841,32.163578015102416,225.18985530735037,19.52706034924353,161.6933193395254,29.08435303844287,197.72234660815397,818.8680617693595,0.6945892850527404,0.5714836006250064,0.3537825543850124,0.7109724344491666,0.7790800470829871,0.7394383805729817,0.7326402690063792,0.7416908588269557,-0.2651973879899041,0.8541202112474945,0.9750935222621041,0.8241258874111693,0.8529627350646894,0.8630419533379751,0.8520345248325492,0.863274756394058,0.8631004142460703,0.8541202112474945,60.09958835199625,164.31307892509798,42.284344258596114,226.06952049331193,23.295827833578205,163.12869062773015,34.53335930128265,198.64167831231254,819.5260730241982,6.0748839567748565,18.056237149580294,3.554005018684062,24.88298644955694,2.1576974566937674,17.86675811225128,3.2137573940085122,21.847886818481854,90.4831297003673
11976,-20.885294668501444,-161.8785155618066,27.441720900868955,-190.19133316699904,34.86713870349236,-124.55417570650435,53.62912634518409,-164.2173006186687,-774.2261008886682,-2.5186428905868308,-19.070222939190458,3.068063601650611,-22.34043598137629,4.050271164154281,-14.660520939617886,6.2411449079744905,-19.28487600569911,-90.72401810931684,3.3024781410584634,18.967544837373566,4.7222318598952615,22.284999507223354,4.160933016200398,14.59419679131669,6.292858953458001,19.241583737946964,90.71721612905328,28.185000416948252,161.8785155618066,40.301888840789175,190.19133316699904,35.511483736547724,124.55417570650435,53.706406114217,164.2173006186687,774.2261008886682,0.5178210577225775,0.575551810684891,0.011517207856645229,0.7092345161863467,0.6573959014737096,0.6444110675264416,0.5878924253359994,0.7533206524820161,-0.2530672652552517,0.9108914751862672,0.9701774334125889,0.9008288212204028,0.91142173069704,0.9181944203940761,0.9103176431179096,0.9164887731662876,0.9132314584010236,0.9108914751862673,33.27048813014345,162.83597935759545,51.25782927492555,191.0351056719369,40.81726086914223,126.38016662009306,58.45698858278237,165.10475472449988,774.9062509985658,3.302478141058464,18.967544837373566,4.7222318598952615,22.284999507223358,4.160933016200399,14.594196791316689,6.292858953458,19.241583737946964,90.71721612905327
11978,-32.03393276973652,-147.4116479037599,12.001997341369272,-231.1185978368692,10.758140760464324,-139.8600308415537,45.43763330313996,-179.15212805873023,-855.1804135332568,-3.617630905222,-16.542840497687962,1.2522345332704827,-25.85129342688923,1.1888878778458365,-15.661493269668526,5.057947066531711,-20.036301561471824,-95.54167760486516,3.9039593239168364,16.468678568140263,4.065330488743551,25.820333420189623,2.4457882537733915,15.62501963185084,5.091397346586723,20.014692554849844,95.53988133585781,34.944459867056395,147.4116479037599,36.388898121943136,231.1185978368692,21.892325812338015,139.8600308415537,45.57325409490542,179.15212805873023,855.1804135332568,0.5327971377853604,0.598181417372778,0.060608792189376426,0.6773444869918452,0.6772735258185694,0.6429330433690936,0.5952185906088834,0.7278154936815983,-0.34471512077595023,0.8445088465447231,0.970321878477931,0.8282914654862029,0.8446892701918024,0.8497807807574064,0.8435039440095282,0.8495080142136114,0.8486441868461697,0.844508846544723,42.313415241176116,148.27740594751444,44.16090690693737,232.04567894981872,25.95823825999579,141.89043272156817,52.18220881878542,180.30009389885635,855.8026141959223,3.9039593239168364,16.468678568140263,4.065330488743551,25.82033342018962,2.4457882537733915,15.625019631850838,5.0913973465867235,20.014692554849848,95.53988133585781
11979,0.47948848743583894,-126.59200386627222,37.43043279632824,-181.46130217520346,38.883730896222964,-97.76849106857671,71.27645627054089,-132.79632345880918,-750.1289751334245,1.6408695327854446,-16.46924231402795,6.311990127278484,-21.904894656581373,6.626028336411266,-11.08420459086153,10.829551545518918,-15.58045910668772,-95.52232110543558,3.5250529297157405,16.132122078191458,6.22189002213286,23.1243347901368,5.365252735040853,12.635196697628267,9.083042046414683,16.930434988380252,95.59191601093809,27.661798735744313,126.59200386627222,48.824421357569136,181.46130217520346,42.1022164155333,99.15092766125328,71.27645627054089,132.85652570185488,750.1289751334245,0.9427698565706573,0.790760469096326,0.9486444136258902,0.6405709139953797,0.9473015732213879,0.7861284695574601,0.9060008556650023,0.7222787622633446,-0.35368665308373637,0.9897638179946375,0.9945200031368557,0.9818192148957845,0.9896524688316061,0.9924073332760243,0.9893626373534005,0.9921167816244857,0.9913902179216987,0.9897638179946374,33.757835931820594,131.92765914378958,57.053707480372736,193.69765103252263,47.77165518282851,109.4286792380066,76.96673547448107,144.1115379228427,780.5594352164292,3.5250529297157414,16.132122078191458,6.22189002213286,23.1243347901368,5.365252735040855,12.63519669762827,9.083042046414683,16.930434988380256,95.59191601093812
11982,-44.80155720808039,-146.86615856561693,-20.13784546382632,-226.70532300489944,2.960746825987462,-144.56085293575362,33.328367064953866,-176.33929801609744,-798.3579281496517,-6.25197884711224,-18.016163205438026,-3.5888162802058696,-27.808580612386464,-0.2889570531180297,-18.074287659158287,3.2344841872644627,-21.766058747650007,-95.45703523180832,5.354333989584002,17.55230205671706,3.4488432423125137,27.094058604860788,1.6869177790807715,17.27678984108072,4.130132576515036,21.074702664502066,95.41353597804329,44.80155720808039,146.86615856561693,28.857659631010474,226.70532300489944,14.1150222477412,144.56085293575362,34.55824221343933,176.33929801609744,798.3579281496517,0.9437571288865917,0.7785707351970724,0.9488595917801256,0.6374141566291593,0.9738550262800775,0.7784660860076782,0.9224283271578243,0.7197873494827619,-0.34807567935185757,0.9931506374570852,0.9911528889880908,0.9855764604609398,0.9930762385475975,0.9948765025559474,0.9928373314601325,0.9947167573471876,0.9942613057180136,0.9931506374570852,48.53865717674666,149.73145913111253,34.872444208460955,230.5124297925881,17.08957372666682,147.30408518257255,38.84391205198909,179.44022380128933,812.6678977071998,5.354333989584004,17.55230205671706,3.4488432423125137,27.094058604860788,1.6869177790807715,17.27678984108072,4.130132576515037,21.074702664502066,95.4135359780433
11984,-16.48642140045261,-130.17344863345164,24.261051212614145,-210.730584067632,28.307408584423552,-123.79447996720944,60.85874550698772,-162.08957275549068,-828.1103467858424,-2.0506510536825373,-14.98713234537793,2.475282833522235,-24.234290352062786,3.1356802128489556,-14.311700639812553,6.844130963968087,-18.649087111531358,-94.73563541786139,4.362282083482703,14.890420752584802,6.907328700589355,24.10527719090191,4.246426917145002,14.160736409079657,7.058622356096253,18.54127676014973,94.72677894500629,38.135477308140494,130.17344863345164,60.38451248225827,210.730584067632,37.122660625874296,123.79447996720944,61.70713574596126,162.08957275549068,828.1103467858424,0.630211737510566,0.8424829603682394,0.26104524459585887,0.7288764763363802,0.7082407832709229,0.7300361858581734,0.6380527685871078,0.7817227396942172,-0.3305516268099242,0.8858800182840646,0.9649872767924856,0.8352586579572578,0.8855294431853485,0.9096899695494803,0.8825932231984526,0.9068255221039686,0.9003740956421551,0.8858800182840648,47.14637624798039,131.45273758462807,74.09668413784635,213.31159996900396,46.74797376106655,129.50739426102885,73.24789742800125,165.04698671764436,830.4984861368031,4.362282083482702,14.8904207525848,6.907328700589354,24.105277190901912,4.246426917145001,14.160736409079654,7.058622356096253,18.541276760149735,94.72677894500627
11993,0.5289268035693673,-156.389319301486,57.027266270434964,-183.6715774619054,49.75073693278246,-106.59110324485007,74.73277330491706,-149.6203295640644,-795.7115352843884,-0.007517068485369587,-18.19911560904279,6.478335512173968,-21.345652875592407,5.727705405171764,-12.419743455901632,8.617089410961258,-17.3885994591792,-92.24709263908963,2.516432753500125,18.129214862641437,7.040538983101502,21.291872787987334,5.767285153856373,12.356425757225754,8.663293059764868,17.344529118750195,92.24175574319993,21.707680579086546,156.389319301486,60.734295854795484,183.6715774619054,49.75073693278246,106.59110324485007,74.73277330491706,149.6203295640644,795.7115352843884,0.3464997610737275,0.609535939870796,-0.2408834742083199,0.6257070734691288,0.5106540288563743,0.5080087339504344,0.4241733954734266,0.6738878939915895,-0.27334349541661007,0.9023803781839821,0.9723326315550533,0.8942905915597343,0.9024453497516307,0.905662974943946,0.9020244375879849,0.9049093426023997,0.9034513077851073,0.902380378183982,27.595046813237055,157.02447109737898,72.86282210984712,184.61510357664352,54.73786136302814,109.00151935974894,78.83775093251101,150.68374814866974,796.2201214319352,2.516432753500125,18.12921486264144,7.040538983101503,21.29187278798734,5.767285153856372,12.35642575722575,8.663293059764868,17.3445291187502,92.24175574319992
11995,0.36041950862665145,-128.4617046282073,39.01375719182313,-173.97210323835358,37.05239611286082,-93.828467890064,67.63458668183307,-128.41302109789316,-719.6252108299099,1.7955651637475072,-16.21559807097595,6.13356050338588,-21.75880421639068,7.3738826076635,-10.96849712481123,11.409293815523162,-15.359202373851305,-95.38097134092943,3.335186452398638,17.052586746168355,6.320490504495583,23.077881171539154,5.148760108040542,12.59649710885356,8.97191518338443,17.078463828416037,95.46027664460188,25.142230237818513,128.5505527926905,47.64687964167219,173.97210323835358,38.813815636169416,94.95841837359362,67.63458668183307,128.74562661211257,719.6252108299099,0.9652758404649525,0.7651767303158516,0.937409377065514,0.6541656922957757,0.9500949709302916,0.8020009717246184,0.8987889995951153,0.7352116454399336,-0.35113787789650175,0.9934485095745235,0.9963000405666428,0.9872750364137388,0.9932913067029704,0.9957089975364437,0.9931555860536342,0.9953763958590833,0.9946082616730137,0.9934485095745236,30.651909470876003,136.73980313345436,58.15661654676261,188.28300626050162,44.3225756448842,105.82983977754121,73.34898901024437,140.94736986523895,761.6111643524894,3.3351864523986383,17.052586746168355,6.320490504495581,23.07788117153915,5.148760108040544,12.596497108853557,8.971915183384429,17.078463828416037,95.46027664460186
11811,-53.98986913608778,-131.87893002996387,-26.005715738209204,-231.12318842814815,1.4898288489748925,-158.50346435468512,25.73499033230109,-192.30360223512355,-819.6260173078148,-6.39563350698574,-15.167180078376955,-3.2805804414922557,-26.35895252991649,-0.03530907071962485,-18.177884679372735,2.6653324298568037,-21.982198636347974,-92.70115822666317,6.104856554770292,14.912093015083327,3.8527204482375157,26.134049487663415,1.557406054551207,17.922638613560014,3.029279545516331,21.744559218172288,92.67848476553021,53.98986913608778,131.87893002996387,34.0725242193835,231.12318842814815,13.773321014605607,158.50346435468512,26.790212803813883,192.30360223512355,819.6260173078148,0.9369618062378344,0.8160348046056305,0.941717262961375,0.6557858586888614,0.9654088961363372,0.7748426903224168,0.9268289318748473,0.7164404134941238,-0.3080473500984333,0.9909331033153028,0.9932534667302465,0.9801392933860398,0.9909630182506478,0.9942828422945725,0.9904030182833499,0.9939154258820991,0.9930292901878386,0.9909331033153025,57.40375081160509,133.74936952524163,39.95112224355245,234.02540665714244,16.599786022978186,160.81508802678212,32.08854854171372,194.72287355678858,830.5120635689462,6.104856554770292,14.912093015083329,3.852720448237515,26.13404948766341,1.5574060545512067,17.92263861356001,3.029279545516331,21.744559218172284,92.67848476553021
11882,-24.931893177740456,-139.9676864510127,18.298365779234942,-204.70469117240447,28.202119564608164,-131.7968242706218,51.692240194817366,-170.943322841134,-808.8717735375494,-2.9477003109541777,-16.06921024145281,1.9907840150874503,-23.338530011805116,3.093863383373324,-15.067972655421558,5.749265223428194,-19.520768214524274,-91.87648464274332,3.778270620162008,15.896683982936526,4.4946455705967505,23.249121764481274,3.5760095830509306,14.968686834142744,5.9174182910050455,19.414709574053546,91.8667679139222,33.26705104395111,139.9676864510127,39.574614593144055,204.70469117240447,31.48617589703317,131.7968242706218,52.10189425945191,170.943322841134,808.8717735375494,0.9375174074611545,0.8301355172348125,0.8432562399531597,0.7030746465718053,0.9090509363561027,0.8207627035168031,0.869247195096483,0.7556668934891249,-0.29583978626722307,0.9600670069087941,0.9815103732869589,0.9229096095507353,0.9599894752600323,0.9708067126786945,0.9580425843459947,0.9701693320810388,0.968332295827966,0.9600670069087942,39.22019260532063,141.4374043127167,49.304223232629745,207.28850996330024,39.35655958680968,135.2260475858139,59.42260836748808,173.3123328307893,814.4905139538027,3.778270620162009,15.896683982936523,4.4946455705967505,23.24912176448127,3.5760095830509298,14.968686834142742,5.917418291005045,19.414709574053553,91.86676791392222
11890,-22.30485376630973,-196.12577212405705,23.765739115142704,-64.36419751897775,96.40765684367798,-117.17759384319862,49.53868892158849,-154.57021006758455,-532.2053279987707,-2.7745147157626247,-24.992864588798202,3.076009970838333,-8.12715387302215,12.3515334953705,-14.856363204434937,6.381425091787428,-19.61369416820268,-67.70494416999614,4.044789315486843,24.95812605876439,5.1456880731537,8.190712204481425,12.268425645828072,14.91151890304027,6.348648883497714,19.66994314931886,67.72617143318348,31.784735188498626,196.12577212405705,40.435810127757,64.36419751897775,96.40765684367798,117.17759384319862,49.88890837752925,154.57021006758455,532.2053279987707,0.4801053712104235,0.7350065001679944,0.32691851047465414,0.5096518393819468,0.4800741226812376,0.4732300327082687,0.49217570066822625,0.44522947840341964,-0.052482312054134894,0.4950856503160775,0.9252291288545583,0.48609123372792906,0.5170962283733239,0.512355542133892,0.4948250070118059,0.5064284226764344,0.4956377864800444,0.4950856503160779,39.225497885160244,196.49390032788992,45.54190327013252,70.7122178376353,101.55457664139188,121.00387887797652,58.746183166815065,157.19573265131203,532.8620213007216,4.044789315486842,24.95812605876439,5.145688073153702,8.190712204481425,12.268425645828076,14.911518903040271,6.348648883497714,19.66994314931886,67.7261714331835
