,bias_harg_,bias_harg_Rs,bias_livia_,bias_modif_,bias_modif_droog,bias_Berti,bias_droogersAllen2,bias_traj_balk,bias_Ravazzani,bias_perc_harg_,bias_perc_harg_Rs,bias_perc_livia_,bias_perc_modif_,bias_perc_modif_droog,bias_perc_Berti,bias_perc_droogersAllen2,bias_perc_traj_balk,bias_perc_Ravazzani,MAPE_harg_,MAPE_harg_Rs,MAPE_livia_,MAPE_modif_,MAPE_modif_droog,MAPE_Berti,MAPE_droogersAllen2,MAPE_traj_balk,MAPE_Ravazzani,MAE_harg_,MAE_harg_Rs,MAE_livia_,MAE_modif_,MAE_modif_droog,MAE_Berti,MAE_droogersAllen2,MAE_traj_balk,MAE_Ravazzani,KGE_harg_,KGE_harg_Rs,KGE_livia_,KGE_modif_,KGE_modif_droog,KGE_Berti,KGE_droogersAllen2,KGE_traj_balk,KGE_Ravazzani,R_harg_,R_harg_Rs,R_livia_,R_modif_,R_modif_droog,R_Berti,R_droogersAllen2,R_traj_balk,R_Ravazzani,RMSE_harg_,RMSE_harg_Rs,RMSE_livia_,RMSE_modif_,RMSE_modif_droog,RMSE_Berti,RMSE_droogersAllen2,RMSE_traj_balk,RMSE_Ravazzani,WAPE_harg_,WAPE_harg_Rs,WAPE_livia_,WAPE_modif_,WAPE_modif_droog,WAPE_Berti,WAPE_droogersAllen2,WAPE_traj_balk,WAPE_Ravazzani
11800,-0.13232254956761572,-0.34740996666070456,-0.05159581808743664,-0.6857038847185974,-0.07846415042796738,-0.46027168214445946,0.11661253288114208,-0.5633631035330025,-2.5275095348187357,-19.662190133373983,-36.568664166897754,-20.867431058674164,-36.69698141828114,-15.695495314010403,-29.997223703583302,-9.565975768773711,-32.05656122818345,-93.62944796525262,17.848413148331975,19.582231638047134,20.22096363036901,29.26219788867714,17.363240046816568,23.251947146338743,17.087846099303,25.885373466669137,93.12363953777448,0.48793973356158016,0.5353388454537664,0.5528004940362298,0.7999696624325241,0.4746760763435827,0.6356614899646005,0.46714735946228403,0.7076540714012393,2.5458130919942756,0.887854259370167,0.8333671317218794,0.9189599698057664,0.6202577880043842,0.8761345821464279,0.736227848282802,0.9202099276893771,0.6689197369581958,-0.31071439503526244,0.9425882093066066,0.9638332711283655,0.9273235206641185,0.9426970671870069,0.946862810411404,0.9418944102225414,0.9468188024829461,0.9450478323361686,0.9425882093066065,0.6954977473802544,0.6584658299710808,0.7930415891972038,1.066555386209337,0.669771399526309,0.870675740566069,0.6666182603528472,0.9617062889383957,3.1616587326470413,17.744800523742402,19.4685539458917,20.10357800644486,29.09232658979426,17.262443922383646,23.11696622391005,16.98864867664042,25.735105122863253,92.58304331649393
11801,-0.023934240033389623,-0.4333866219637757,0.1447603960022153,-0.5685336906306591,0.00707003804248488,-0.3517154233847725,0.19704838152697507,-0.48224391648390563,-2.423645749491504,-2.5229850314795734,-22.752103000595998,-0.9673616873421137,-22.385866180661438,1.7348921076511081,-14.86391278574985,8.994390516302362,-18.43673151359495,-91.1538557693357,14.745280974171907,20.35672265912652,19.622516151299646,24.283329159240658,14.207715435557903,18.510745137036196,15.430351768240044,21.80744935952639,91.29139563017475,0.39269015452463885,0.5421317220492333,0.522578641472705,0.6467034637466724,0.37837393397955643,0.4929704209069625,0.4109346733272412,0.5807668686531477,2.43123425857923,0.95902632899631,0.7929946550417775,0.8518609106895287,0.6895859010925303,0.941548440420967,0.8075930092733427,0.9166590980871696,0.7250638043045348,-0.28804061186783403,0.9637499846429627,0.9735987512292725,0.9505404335133278,0.9639826110369031,0.9672333501588566,0.9631796045635839,0.9672445192895879,0.9656742724036513,0.9637499846429624,0.5306480224376473,0.6563195407995503,0.7241041128136891,0.8587768598453287,0.5041080524067354,0.6673850505707677,0.5502518810599156,0.7814007952643817,3.0260292730803857,14.713780899945364,20.313234964595996,19.580596928711746,24.231453127015598,14.177363752765723,18.47120097054479,15.397388189798061,21.760862504062604,91.09637149034097
11806,-0.07918941491005166,-0.45907155733438454,0.03813865844130184,-0.5229864846177795,0.02666733534038147,-0.4038360423101849,0.16043172107727796,-0.5185316722347209,-2.2736290311743814,12.552113357465892,-1.7488318870773516,9.381852725834278,-5.135748549730737,22.765994790370353,-1.978659663538534,28.817959838749474,-4.598059445777866,-82.6953167099266,18.949986126479885,22.526167489494473,22.556050630194648,25.511533402792384,18.105954365180835,22.853646006700387,18.743357312263246,25.36434735640739,85.76804905488804,0.5064038561978208,0.6019707880470617,0.6027693605412507,0.681749253348578,0.48384864503183367,0.6107220548199321,0.5008820775736836,0.6778159744020719,2.2919948589971475,0.9123720891155815,0.789243682296467,0.8758769923440204,0.6997493825116285,0.9176969660949266,0.7702313742980889,0.9106658105635642,0.6978524076243344,-0.2066249427199507,0.9287689207304878,0.9571760804941424,0.9123686845388981,0.929835246167555,0.9339519852604484,0.927976382495912,0.933845519708647,0.9317307985459803,0.928768920730488,0.7221485076121725,0.7362861123317338,0.8597742096195167,0.9262867115810078,0.6912913662697502,0.841227047810052,0.7201989146827491,0.9206359542208612,2.8207438259674404,18.849261918209542,22.406434927655074,22.436159231527213,25.375932828385206,18.009716409847268,22.732172809582895,18.643731391008988,25.229529114920766,85.3121690991833
11810,-0.17091019169946858,-0.37821832141951556,-0.10427716577284535,-0.7117677000999953,-0.11446609604888563,-0.49267084811164885,0.07548924651106158,-0.5906399017732922,-2.5142801318247443,19.321567924647063,20.168245108045692,13.681151549530279,-5.831354113064563,27.774843085881052,3.7705075666374652,37.02182260239032,1.7807033374980348,-90.43301894946755,15.259457611173982,18.549536421226946,17.180557914383762,28.173667343991877,14.604829812911015,21.504791568001487,14.22991698763863,24.41015487277394,92.79751542165278,0.41483517963881117,0.5042774435102834,0.4670611505542277,0.7659137468405609,0.3970388301741932,0.5846173763525242,0.3868466573471015,0.6636009771568364,2.522741958520702,0.9023169781558128,0.82620994561857,0.9299002265655796,0.6255382294399994,0.8972850145608517,0.7421564913574525,0.9527644943811235,0.6767768201422315,-0.30860198030952257,0.9648427428861456,0.9752528577809526,0.954491065876002,0.9649553070219344,0.9676664438053489,0.9644018577720722,0.9677060475885524,0.9663255450631718,0.9648427428861458,0.5640997281317115,0.6073535985878409,0.6372308671050404,1.0048904254090334,0.5370446867903592,0.7856692188937514,0.5181903399164436,0.8902852614891683,3.142488802363717,15.220878569634452,18.50263938501712,17.13712193688441,28.102438529018215,14.56790580483766,21.450423040079936,14.193940836155488,24.348440989959816,92.56290425175146
11813,-0.3417602006932203,-0.3807520546149101,-0.31211233955837747,-0.806146084438216,-0.23508736086785045,-0.6557310881739943,-0.08862065269550623,-0.7408817386341293,-2.5003635685193353,-24.232725236352408,-44.06874241263331,-24.811385739139332,-37.96871821060163,-19.887642484733938,-33.89410808740541,-15.186524423913125,-36.37904449451009,-90.42038318566871,17.556246914445904,18.311962297518296,18.435083594733726,30.365401284190384,15.805533093634303,25.534787788292896,14.281042736328676,28.27812127861019,89.20748344252118,0.49381987837632446,0.5150765444721319,0.5185396846474066,0.8541141419393419,0.4445760228827246,0.7182392604426427,0.4016953521733661,0.7954033956439699,2.5092167385499624,0.823745540868989,0.8327148086217424,0.8726887153894961,0.5880265580909609,0.8463646382372257,0.6701732684264732,0.9130752224822414,0.6142430402895116,-0.2577363759332556,0.9646267087341415,0.9743646581312722,0.9542976572838671,0.9652861607479181,0.9676872651815345,0.9641689361107907,0.967704718935376,0.9662392252548682,0.9646267087341414,0.6767458269400939,0.6245892402566585,0.7018598606611766,1.1175433135495239,0.6118837789005794,0.953465468207018,0.5447968240225228,1.053762590008399,3.127881991276848,17.516041072843265,18.270025780040765,18.392865115206,30.29586099347892,15.76933658972862,25.476310162740234,14.248337492151181,28.213361101193662,89.00318795917909
11816,-0.23123434927665362,-0.38476814369064155,-0.14756250342802407,-0.8040561748459504,-0.19799149084582834,-0.5538768073058425,0.011164408245850622,-0.6565367228627873,-2.642310564058455,2.093581881518871,-3.130850438424821,-1.0223168937606613,-20.932896413264704,7.814433396963122,-11.109510086645304,16.50659587794382,-13.362846672726224,-94.01816187700466,16.717451721249383,18.430654980013692,19.569157125132584,30.646021161039556,15.940464433981097,23.114649721640625,14.789536421514587,26.060954118333584,94.92929332360039,0.4668134433080666,0.514652451647706,0.5464436669261102,0.8557509182869403,0.4451170677465169,0.6454470099473086,0.4129788760258083,0.727718789366041,2.650779019799049,0.8743726123222265,0.8275141463847986,0.9172811628554101,0.590328606702855,0.8599158455654716,0.7177201911274517,0.9439644496615691,0.6516428397649436,-0.33893076393693833,0.9596136483081216,0.9749614240333582,0.9417795520567671,0.9594865850447161,0.964868657294581,0.9587439379848376,0.9646958298318101,0.9628665195599733,0.9596136483081218,0.6344688929436643,0.6207485780866904,0.733662429963561,1.1191799657128538,0.6032546928585368,0.8706609892218278,0.5465417230613515,0.9733602129485496,3.2943216709987255,16.673927352331216,18.382670236876443,19.518208258742305,30.566233358859662,15.898962973930841,23.054470062762345,14.75103143582227,25.993103670770214,94.68214216368376
11818,-0.016580672689014513,-0.3729502740994083,0.17719641426534247,-0.6609380284726969,-0.02985188062378329,-0.3665561769145716,0.2093428801983206,-0.5090795629752358,-2.698505652255334,59.24154692539757,58.480785206081855,54.354271966993664,22.284264980867484,67.86939871500999,38.672726111062794,82.00118128922492,35.02412928734377,-92.07280748084823,15.788529711190533,18.502414053266037,21.338493577734493,26.38706705598097,15.116480594592607,19.237101879060067,16.330661348256214,22.400842459177955,95.3843062653505,0.4482377401093555,0.5252851540650634,0.6058016999418548,0.749131142775363,0.4291582068800624,0.5461430057297666,0.46362890472602475,0.6359618776491185,2.7079688016785846,0.9441539700828311,0.80459385019515,0.8527634064113048,0.6535475917535835,0.9087964641447149,0.7968664391331374,0.9173292039257772,0.7126265152016465,-0.3459428276881946,0.9569760678370838,0.9762759699301873,0.9383078113240002,0.9567213221045383,0.963018491094012,0.9560257053972777,0.9627946980034365,0.9606548550376934,0.9569760678370831,0.5986665755086058,0.6312949670411963,0.8229367479892887,0.9917320765349612,0.5642059617306067,0.7404118673562741,0.5991738321756184,0.8528971242772462,3.339355884844291,15.742870987532914,18.448907069036967,21.276784957656652,26.310758506364085,15.072765364436945,19.18147025694348,16.28343483842372,22.3360616408085,95.10846514773483
11819,-0.10552736443774381,-0.4326509260728915,0.038269117984958745,-0.6588900521933788,-0.07701092268222817,-0.42860679680214864,0.12002233780804475,-0.5498154984304696,-2.49553509925,-27.853812539024652,-46.89028235132754,-26.32202032611065,-43.358168756646585,-26.977759162151234,-37.037574726851524,-21.859226413568173,-39.39583344742632,-94.40615242836891,16.31012750759382,20.634236416866436,20.16460283675048,27.194840399584614,15.591209980992963,21.01424713030825,15.788850230578639,24.038626226300856,92.95490360020825,0.43978948811194524,0.5563856117697094,0.543722319486849,0.7332870287525907,0.42040445443447777,0.5666322954368859,0.4257336650218954,0.648182248609464,2.50645431513624,0.9328235669276111,0.7863711680187647,0.8721879699502209,0.6551462778400975,0.9168373256914981,0.7782882978344402,0.9397467604217148,0.6996627063091585,-0.3091959337953045,0.9554223746507527,0.973970088180527,0.9412353385191928,0.9555277817872682,0.9596429572606289,0.9547798188910508,0.9596413925077925,0.9577026595938504,0.9554223746507531,0.6027433561514609,0.6674420205401589,0.7614865298142584,0.9683795326880797,0.5724080389685374,0.7632552202079164,0.5843123046789056,0.8708777265741068,3.1151309244842227,16.255149708451334,20.564683011802206,20.096632461654963,27.103172662928106,15.538655492358576,20.943412793953573,15.735629540779412,23.95759738310417,92.64157336921764
11820,0.020558511669022457,-0.30788277150795745,0.19564233196097378,-0.6216438899979486,0.011801616827829006,-0.32860265446215237,0.25020810077842515,-0.46570355293900695,-2.6505780644240016,-4.941875692343538,-24.30917737686635,-1.8678616765352047,-26.791776762448343,-3.586908998584346,-16.908334278424597,4.593593288094869,-20.758822541355133,-95.35167170049152,15.338323453515157,17.390279730044224,20.30214426928234,25.490932374232138,14.923301232142705,18.238087123482202,16.67462930713815,21.359244035394443,95.48939796987932,0.427618937490426,0.48482566972588936,0.5660058863355275,0.7106647248993402,0.4160484837914898,0.5084617925314359,0.46487396676532017,0.5954768960046214,2.6621602436035685,0.9462981552747914,0.8404082724118089,0.8641464925471258,0.6597672426975116,0.9128798466250343,0.8034752229807804,0.903706675905419,0.7220172542559982,-0.34662061088048346,0.9610450969459191,0.9739661659551273,0.9466125846578283,0.9607947931208226,0.9651727117029381,0.9603786229561112,0.9651092749918397,0.9634431252569475,0.961045096945919,0.5688806778784343,0.5861947877667579,0.7627895271269249,0.9522470956667106,0.5460864209672045,0.7001195704183718,0.5980107222860631,0.8133863731371287,3.298811653634132,15.282641912939368,17.327149129796588,20.228442950273678,25.398394595275253,14.869126314942621,18.171878793004065,16.614096677795352,21.281705208088486,95.14275012380075
11826,-0.08107729589067869,-0.4335449529941042,0.07934504827034006,-0.6547644767762192,-0.06259370449169363,-0.41044166206045263,0.14390767297881035,-0.5385579849236737,-2.5386494124296153,-5.885139541249249,-18.452460399293553,-6.244579674732138,-26.287310767897225,-2.9323022406187835,-17.973355870327612,4.170643821257986,-20.490921978611176,-93.24181024981985,15.60789127345554,20.190130298111256,19.558069115147468,26.626343105474398,15.158007494616763,19.99351775792273,15.573989043977162,23.27161044401445,93.45859487842789,0.4259042357076797,0.5509432288319456,0.5336957012618049,0.7265729951177972,0.41362791960407624,0.5455781149807264,0.4249791201439052,0.6350298888038358,2.5502747760490987,0.9336786565210351,0.7940510606456341,0.8862244823302812,0.6502693737910498,0.9095126380480605,0.7774935082506621,0.9356006363922473,0.6977161641553034,-0.3170048496468312,0.9602618638994509,0.9742878390045638,0.9466310535911081,0.960277433540754,0.9638438724645529,0.9596686052053406,0.9638489401186411,0.962270462188065,0.9602618638994512,0.5720827012408197,0.6636194191096639,0.7252389874230825,0.9661796362073485,0.5513522194551675,0.7427485681158442,0.5623737120908682,0.860474834124871,3.168208552185211,15.551762245991302,20.117522643550224,19.487734476131976,26.53058957174873,15.103496337147623,19.921617160482658,15.517981935556067,23.187921184596643,93.12249950546604
11833,-0.4026610244959798,-0.4671952840768997,-0.44748616217635695,-0.6781988008206586,-0.1894002984664129,-0.6858637036857423,-0.13818755538540178,-0.7405895752163391,-2.0845143387125984,-8.741661740184195,-12.657892269119369,-14.960830273336011,-18.73573497023318,3.0940500433882954,-20.74175177630987,5.238112037496089,-21.701997492585775,-78.5718666859542,21.773628211081938,22.158496783052332,23.879525875387902,29.306109850503827,17.980808748446584,29.49981990527698,17.45506036037282,31.203903014650063,80.67929486843316,0.5662468758355337,0.5762558015126332,0.6210130343132322,0.762137250846177,0.46761048182232123,0.7671748914391859,0.4539378233505092,0.8114914255276799,2.0981527846889794,0.7794706898486847,0.7842917218901866,0.7923853153667867,0.6186006440520694,0.8592008669698747,0.6306146898310904,0.883791767093973,0.5872567325970709,-0.1335389795272004,0.9400383584081261,0.9662318129845391,0.9260979932950251,0.9421897504249237,0.9448220294681632,0.9393497347509505,0.9447443294224135,0.9426677916961065,0.9400383584081261,0.7934447144164836,0.7028971395981037,0.8599728827546039,1.0288469227489567,0.6722765572174979,1.0261250038065632,0.655302061206686,1.0863558410595902,2.617722815989858,21.695613608096533,22.079103201398198,23.793965870753492,29.201106471973183,17.91638376413678,29.394122466350396,17.392519125127166,31.0920998699613,80.39022209207798
11841,0.0021053619490488664,-0.45464867614254556,0.158700227055531,-0.44853748970750834,0.07453753595736064,-0.3083204055396815,0.21885275255221395,-0.43100146459317457,-2.1562218838379543,-4.21603079837733,-30.20867373579259,1.0255907942667781,-20.84081120004321,-0.5269881764062722,-16.114228733964307,5.232534272027994,-20.863412001023978,-86.96125224777306,16.203946993110627,22.725032343542654,22.40084015493989,22.524757766223104,15.608846839128512,19.044658213533587,17.276495304587606,21.989793273533724,87.14092527288571,0.4045031344649923,0.5672906001043827,0.5591977103587769,0.5622910963221344,0.3896475022101651,0.4754165108947912,0.4312774231023245,0.5489366454459168,2.1753204591479185,0.9572071533165278,0.759011896844009,0.8387442616170019,0.7271580475373367,0.9427504067247242,0.814072003588725,0.9028626161434963,0.7303033533512049,-0.2237045348148048,0.9598573549569693,0.9734231554620703,0.9443538947040065,0.9606848672157043,0.9643039102879323,0.959144459802715,0.964268609541634,0.9623822977870706,0.9598573549569698,0.5431831777686444,0.680945287740436,0.7524718805098187,0.7653796068760608,0.516143956607512,0.651365124543105,0.5668044010699802,0.7503484484950109,2.734656677984032,16.106474759737555,22.588333571512475,22.266091508806728,22.389263713657108,15.514954334886493,18.930098139331346,17.172571329588585,21.857517213713564,86.616743071589
11846,0.0019423393206052617,-0.4035473585477342,0.21711749230360147,-0.5836552639123389,0.01201142203225946,-0.34128373511545873,0.21895711981651636,-0.4882853174000602,-2.5464874626444596,-120.27434422923523,-170.46273079117861,-97.09780975410604,-116.61305566032851,-136.5931843498592,-116.41591376022747,-139.0655801495717,-122.60113915340705,-101.67914901659655,16.33052611913948,19.548993337498246,22.475343593668367,24.673064854470994,15.640150510090947,19.161922578343283,16.967781807865013,22.248590460702328,92.21469043891356,0.45343519596076975,0.5427995130196935,0.624052878170079,0.6850750499782032,0.4342661503775675,0.5320520634735082,0.47112930795607877,0.6177568255793011,2.5604433025966578,0.9512265984402929,0.8003021743684159,0.8235642138579324,0.6866929306937182,0.9270527228799946,0.810695707601994,0.9111747488807291,0.7222874489477977,-0.29897684932234214,0.9554984144492661,0.9739347868048197,0.9390961062406367,0.9556454596316141,0.9603649245960261,0.9547155861661805,0.9602583592704146,0.9583716781222913,0.9554984144492663,0.6075613969017133,0.6550388133398357,0.8514169129546383,0.9209833417114841,0.5739290294523328,0.7242506147641296,0.6215853179173823,0.8381544761132278,3.173558767764331,16.263062630810794,19.468233950186388,22.382495079838936,24.571137273528468,15.575539051544007,19.082762229755108,16.89768573492728,22.15667869301492,91.83373977959165
11850,0.03171208226873957,-0.39773335125365983,0.21039556845204957,-0.5822102541929364,0.03607547298762342,-0.3135999958430954,0.2589576085730431,-0.45051829754618455,-2.5702817576684662,-1.253884114355909,-19.838264361775266,-0.3946799693627109,-23.173538534280592,2.851604654978458,-13.799674680102589,11.142676973412849,-17.176197402680987,-93.6922772155725,15.726443317609467,18.869656374018824,21.23829768778806,24.223206603007824,15.187710156324293,18.144255606669876,17.16101463675286,20.953889657147567,93.82300892093826,0.43213657664327954,0.5185068577313285,0.5835931921272273,0.6656135379972143,0.4173330829772131,0.4985740478794292,0.471556216944981,0.5757781311977659,2.578100659293202,0.9521901527309741,0.81601825104736,0.8080717914309836,0.699801294050955,0.9486859755890865,0.8377057739161169,0.8852298615471782,0.7538496140177224,-0.3233885210708056,0.9562013574980861,0.9736054130562286,0.9453306267977736,0.956125613095158,0.9588633875114309,0.9557649448329776,0.9589300566004464,0.9575838916392434,0.9562013574980869,0.5973894304473037,0.6279220675411716,0.8156550715398221,0.8883087571307688,0.5688601187836182,0.6775770119455926,0.6496023859826784,0.7799903331622158,3.1810296360130588,15.688905758825483,18.82461625775934,21.187603844823936,24.165388059842453,15.151458503533311,18.10094695463256,17.120052889540855,20.903874669723326,93.5990621173583
11855,-0.11081850003175298,-0.41968809757260195,0.06480041836917648,-0.711750585602141,-0.10883662994292832,-0.44497856573735156,0.11141460871130258,-0.578354424493692,-2.6419165588701308,-18.115177799021236,-37.80622768653481,-16.021779270308066,-36.41788889329957,-16.367520817582353,-28.47466347163795,-9.65797817800322,-31.492699191451006,-95.13008082788106,15.814921906791543,19.578321215540594,19.795251503576626,27.672087644731114,15.513895288944738,20.5136711178909,15.469837330882116,23.86567977084262,94.6186730788655,0.44312883902034,0.5485780329072699,0.5546563472519315,0.7753626697336321,0.4346941735526976,0.5747862253187852,0.433459684257021,0.6687083901908578,2.65118367312817,0.9241329538696764,0.805683528224235,0.8867251276858823,0.6337771722713649,0.8938397831232298,0.7681576587098222,0.9427572819530253,0.6871961625343572,-0.3345044404418738,0.9584091166414839,0.9744136551674661,0.9445025968265395,0.9582848490608974,0.9620914113715403,0.9577953640779298,0.9620724143982745,0.9605236018318036,0.9584091166414836,0.6052708106177138,0.6597014203053972,0.7567222894274559,1.034071952051722,0.58929896757393,0.7879506862693548,0.5811444965497528,0.9116734164905622,3.2964490648063283,15.770511047449226,19.523342122075157,19.739663234766162,27.59437994567693,15.47032976104713,20.456065410573437,15.426395524858698,23.798661080920635,94.35296853691277
11856,-0.18184262806775395,-0.43912791287942077,-0.10062947643819072,-0.6872145033678092,-0.09764116436449416,-0.5108791271911587,0.0683158923904635,-0.6155901861578502,-2.493139520862745,-33.06728329529325,-44.172528520429985,-32.93735078987058,-46.08009361727773,-29.976129191898025,-41.628719462463415,-25.796681219983164,-43.602457754232574,-92.30402701805994,19.77496861515724,21.981186762544066,21.38849035153358,29.261493757118767,18.933222796690163,25.089817979362948,18.526446882768006,27.37691262467094,89.85790424308463,0.5523980639998333,0.61402701811325,0.5974705139612844,0.8173966197238938,0.5288845621809344,0.7008641655838148,0.517521599654656,0.7647523405204943,2.510109285377881,0.8737535321429422,0.8142527007661811,0.8990943497663465,0.6334926523660553,0.8801279656905145,0.7258056267564019,0.9175147775242417,0.661092107471272,-0.265441904363636,0.9240181675436966,0.9529715579892805,0.9104956107834252,0.9246518757957596,0.9283642016156932,0.9233838486203156,0.9283281384604039,0.9263677692348374,0.9240181675436963,0.7937376848156051,0.7578998827609581,0.87535684932331,1.0978115170206626,0.7582327591632434,0.9563757153515393,0.7584324921266856,1.039465735475488,3.089374207929981,19.675949532428408,21.871120496808,21.281391891011122,29.11497285347069,18.838418582791594,24.964185883024474,18.433679515483792,27.23982837291822,89.40795929362639
11858,-0.022032615059894685,-0.35149088579554827,0.14972380795833726,-0.6533353963487865,-0.028181782238576973,-0.36666620152042384,0.20562762267757173,-0.5016472734881657,-2.653189623373752,-25.758874698374694,-39.786716484988574,-27.042035257916396,-42.69877215620781,-23.025538230842958,-35.33608958120574,-16.765677558183473,-37.0915957857251,-96.23879538211489,15.072307110243521,18.022835780844055,19.13125031526849,26.075272583553982,14.896315003599044,18.776283302319566,15.874392289319117,21.97310958586204,95.32935449442387,0.42106041556546175,0.5034864714501999,0.5344511725453868,0.7284395832508047,0.4161438948883053,0.5245348036118791,0.4434674907630564,0.613841436869383,2.6631236562138225,0.9451617704806609,0.8324729668161795,0.8774538685862259,0.6516077727077783,0.9109911426647739,0.7935621841364904,0.9185116866467118,0.7129214964823607,-0.34477607800797294,0.962223940337701,0.9742999447895859,0.9506832284619633,0.9619861763062356,0.965104199751565,0.9617517375578,0.9651598468785215,0.9637507764831176,0.9622239403377011,0.5623888952654466,0.6068545797688102,0.7248522711921451,0.9725952497575006,0.5496293103653155,0.7154436189350407,0.5816390075537256,0.8368837815549555,3.3031150576747272,15.025592238236838,17.966976086602056,19.071955218421753,25.994455293117255,14.850145598764435,18.71808838465941,15.82519144710197,21.905006475012154,95.03389218987324
11867,0.018388161587365618,-0.4120645960528643,0.20226875063830962,-0.49240218226261656,0.06516245692463002,-0.3090904137842187,0.23545211858620943,-0.44351600499976856,-2.3216860709815124,144.9580605170523,114.64875689254939,149.96881064827804,101.55148428126009,161.32637678448575,114.21565689924273,179.06888536290623,103.71402534864112,-71.94245571738459,16.354749282703157,21.109208715019612,22.316593721882803,23.342603948952892,15.832972438239526,19.051726866436663,17.412545971919904,22.021958826883985,89.19209304059656,0.4292124785450601,0.553988057908096,0.5856745547412803,0.6126010691721113,0.4155190168607216,0.4999917007321578,0.4569731938533437,0.5779421846900895,2.3407487732669563,0.9526187685133751,0.7870774612440299,0.8346977443580923,0.7112982771976482,0.9342400149469428,0.8139520615862493,0.9015304551093332,0.7284512588732387,-0.25401526265943053,0.9577350837885165,0.9719194675647835,0.9428083417307231,0.9582140355463559,0.9618196444037436,0.9570586889920243,0.9617798077339245,0.9601019950210453,0.9577350837885159,0.5763826326614319,0.6644434041159006,0.7941273203362077,0.8300264837118058,0.5506970331317766,0.6828460748018476,0.6042778893914107,0.7888416822103587,2.927599671031314,16.260599937156126,20.987689384384762,22.188123840906,23.208227637389257,15.741826804188072,18.94205183657161,17.312307210736464,21.89518506989294,88.67864113481751
11868,-0.08946993196196128,-0.6000160761999677,0.06865080108683048,-0.19628907344946206,0.1390867182361357,-0.3745170064162486,0.12083263862364117,-0.49302213476606965,-1.601044333175838,-9.090766991536189,-30.562652140596242,-7.684375344216369,-10.972890017846677,3.061205009199809,-20.597771493876767,2.2602361288033332,-23.925773626425027,-68.76171587761223,18.22329760509348,29.605496573922785,24.697238061765304,18.31047810583325,18.02071574080142,21.897950530043243,17.80151227966258,25.06612199121679,68.13133791325772,0.435968207729334,0.7082722106597481,0.590848640404305,0.4380538854963392,0.4311217055096044,0.5238794016545172,0.4258775536468781,0.5996736988030751,1.6299518300103089,0.9338398663479818,0.6576381304723626,0.8318510479215557,0.8575283957774591,0.9216202172390836,0.7877599856056662,0.9292589485349111,0.7036900011230638,0.05733977812315871,0.9477751829554367,0.9633871888159674,0.9273825393267087,0.9520277725911143,0.9547876976853367,0.9467614473360885,0.9546782473140505,0.9516064520303961,0.9477751829554371,0.5873476681831153,0.8471004629599066,0.7892405309504245,0.5965045326159336,0.5703750196945037,0.7071231523591079,0.564131735641596,0.7965745409455459,2.02761118035489,18.101351287979035,29.4073830737336,24.531969552750276,18.187948395898264,17.900125057162313,21.751414240214622,17.682388457585194,24.898384991722477,67.67541791904773
11874,0.026661526547104533,-0.5096571955986227,0.21263787385851743,-0.19773495640877886,0.20632998669087538,-0.27630933761703363,0.23517050307731246,-0.40684217389586036,-1.73541184490291,-55.6472948431906,-77.86649264164744,-54.91026209799183,-59.815734937294465,-50.84573788011523,-61.30048854130086,-50.476207984533936,-62.66565879420707,-87.49497219625896,18.358296106330517,25.4366763907773,25.905944555493328,18.337560691146532,18.917015199152047,19.774705986718715,19.442161150616705,22.23802525856606,72.30737228970303,0.44560945592850193,0.6174224155375204,0.6288129242400989,0.44510614685095623,0.459171199868519,0.47998985988951515,0.47191802562837426,0.5397818119393339,1.755111075614661,0.9453969994825456,0.7122466711675284,0.7851061679565119,0.8501910168462082,0.8981930695882873,0.832797931905538,0.8840442633449586,0.7445600624598248,-0.012636128945796132,0.9474814825617872,0.9687333217247357,0.9267284292420437,0.9506975743771322,0.9544005330241498,0.9464504053532999,0.9542554649280675,0.9513909901212152,0.9474814825617873,0.6002701432219182,0.7470878021498508,0.862524216593588,0.6161641784451084,0.6041672226699246,0.6634197824540573,0.6208769587280834,0.7423720305771241,2.201124936792956,18.288622687447194,25.34013909783305,25.80762629566524,18.267965967326163,18.845221329156768,19.699657008015723,19.368374246320244,22.153627488751045,72.03295129721474
11879,-0.27312584718247473,-0.6016570357812382,-0.19682063138760086,-0.4027423974107067,-0.027613032366535784,-0.5569191476445815,-0.042153619404725846,-0.6516857927191205,-1.7777443786256704,-32.33173948799595,-57.930183373105635,-28.375650997290062,-37.061541863012664,-26.446442077949246,-40.721135440025186,-26.82827905074527,-44.18842138363347,-77.40362401108793,18.265128335702563,26.64612952676882,19.69754161588004,20.858154766085594,15.85199201440127,24.98661010831558,15.844743202423947,28.094574791861827,70.73552016081118,0.4624860326347572,0.6746989401557443,0.49875575507342734,0.5281433050208909,0.4013837056796293,0.6326787288648907,0.4012001606077804,0.7113746038482925,1.7910736505247282,0.8452970805273657,0.6877887723295931,0.9022162456669581,0.7481311044765531,0.9347278502524472,0.692163763641426,0.9295374684931801,0.6265012869506177,0.0076396268565596115,0.9544860036697974,0.9734578474850544,0.9408480264359453,0.9584662159779183,0.9590048850401016,0.9538700806095892,0.9590549012078587,0.9566895522928281,0.9544860036697969,0.63667096459923,0.811962450775265,0.6825193810532394,0.731140942229282,0.538143947776664,0.8549608133495707,0.5391654573194345,0.9535639385815157,2.240183674388872,18.220131570020406,26.580485879233713,19.64901605130069,20.806769991485503,15.812940092227077,24.925054743383512,15.805709137944927,28.0253628500887,70.56126079796509
11880,0.13433270984020218,-0.36215016225748436,0.4090251016046656,-0.5044956621584545,0.10373842710970518,-0.2176417650331492,0.3380017104686324,-0.38470247219601983,-2.5624492143663518,-16.113409475389677,-40.18666769718673,-12.119925815876934,-34.80502715595753,-15.122506669499291,-26.594931886901364,-8.209577053945079,-30.417529626955897,-94.86320874131326,16.322069792037873,18.969203943946912,24.511893253947704,22.69063137495167,15.528023182744786,16.92286274309012,18.39526831822153,19.870281099877182,94.08879449429666,0.4469567541922801,0.5194447721657086,0.6712234653742553,0.6213507893998335,0.4252129128970939,0.4634086178814615,0.5037283582759294,0.544119493326861,2.576488320957287,0.9366239783874498,0.8118806176290234,0.7548775566423285,0.7141465353661434,0.9312612883591481,0.857223103583024,0.8668426205760387,0.7605686689882539,-0.32573314846416546,0.9606599497839519,0.9738925829332707,0.9480760408900035,0.9605438588363598,0.9639611041329436,0.960129517662182,0.9639999433036657,0.9624204363837356,0.960659949783952,0.5922838786455689,0.6273265118433508,0.9117750682758902,0.8414354654733632,0.5548246830613519,0.6298219321983546,0.6569690286139447,0.7448964508758993,3.205885525085297,16.249762315488308,18.885169548382077,24.40330450452881,22.590110894587124,15.459233367087021,16.847893727730042,18.31377648235206,19.78225489346042,93.67197705703806
11881,0.0866157652746155,-0.3990394576289632,0.28371600447078343,-0.5536474384980471,0.08145703752218836,-0.26903515307570974,0.315661282671514,-0.41422445306744543,-2.6114106679993627,-4.824516078993917,-22.793607259525807,-3.667698798233112,-26.190192736331184,-1.5541687495624668,-16.91347458416849,6.451626532453178,-20.175953174232703,-94.33964803971857,16.23888609029046,18.01833864181564,22.93997558385291,23.019456809603017,15.208888245455915,17.297730803109616,18.237759145853445,19.68649017955179,94.05030737980265,0.4517684462670372,0.5012731050187919,0.6381938434260935,0.6404050240246196,0.4231137390764053,0.48122567800625077,0.5073774190485306,0.5476813515050846,2.6164948137246724,0.9409224555507494,0.8133328089839992,0.7862847453600419,0.709888759219572,0.9434670580891407,0.8518162440472268,0.8674573889747668,0.7660842842456759,-0.32874127082375093,0.954047454717045,0.9762371820943319,0.9376833664142185,0.9539188573434496,0.9589961373588044,0.9532600598937621,0.9588674810857069,0.9569800595773251,0.9540474547170449,0.6066768850723058,0.6102164006070444,0.8731517811336333,0.8655430564206301,0.5613188972485542,0.6585164249197546,0.6658455813828964,0.7488705806174469,3.196705622914808,16.214678417735612,17.991478299339054,22.905778446545433,22.985141187845528,15.186216013843342,17.271944686937896,18.210571708298783,19.65714308607684,93.91010447228338
11892,0.12882331506153868,-0.4990489983051905,0.32898326358613067,-0.1774291766696127,0.26740102872688737,-0.1809232041755215,0.33504748981181187,-0.3169007022367217,-1.7947705458789083,21.290241675759468,7.061025652964546,22.983365461700426,9.501419156437525,33.41464938125853,5.917993674281803,36.77754890026282,1.6036438910474595,-71.57358657685751,18.619279701074472,25.655265630834624,27.799934207699877,17.207467443589756,19.4671254110967,17.669453651049317,21.12063900015098,19.588798944464706,76.20175253699371,0.44380898464279356,0.6115186824173876,0.6626389834588369,0.4101570402840446,0.4640182274137155,0.4211689393984754,0.5034313625528205,0.4669184366682571,1.816344292818856,0.9034394915265196,0.7166549714462501,0.7071965137095164,0.8746198839997502,0.8612521951082318,0.8911825161578627,0.8234510762348433,0.7993679327534827,-0.06410256672180581,0.9531049389085736,0.9672480482746104,0.9362232154394482,0.9555209554696376,0.9585604007786482,0.9522989179427874,0.9585045825500382,0.9560796740343547,0.9531049389085736,0.5939086371321809,0.7314873521451518,0.9085769191027342,0.5650290876058749,0.6115480909495414,0.578045582113399,0.6617941310275072,0.6403496322788994,2.2617754793385747,18.515901918241457,25.512822715668857,27.64558368461654,17.11192831097836,19.35904022759654,17.57134948313079,21.00337319465765,19.48003820636141,75.77866591110183
11898,-0.08348771448661936,-0.4232116606879354,0.044968225328115535,-0.4667463543292951,0.04246276270732622,-0.39915888751452827,0.14523729442778296,-0.5154227590195636,-2.136163020618906,4.582582527057697,-12.443895215003414,6.214914794288588,-8.332916811129822,13.582304486063638,-8.61501799312071,18.284467621157617,-12.689318158953974,-80.32694476784926,16.476404414365078,21.84166823303731,20.04042189878042,22.752929642557227,16.009996642010275,20.876186674336225,16.663708676050852,24.088354749799226,82.8115130232308,0.43032351892352355,0.5704511310129156,0.5234069676437686,0.5942510576560084,0.41814208486755844,0.5452351062451702,0.43521544964887776,0.6291291061036525,2.16283485130218,0.9200574799517511,0.7696437994870076,0.9097587027634733,0.7158648802649826,0.9298131979746702,0.7652043551698444,0.9294943870243465,0.6894866091223213,-0.16112100468954305,0.9568283996001448,0.9719284893923191,0.9429893566276423,0.9581950121819545,0.9609791898552291,0.956187148409265,0.9609493507393376,0.9591259696886895,0.9568283996001444,0.581983096620125,0.6821355067537418,0.7047438260512188,0.8113971898029763,0.54999923636126,0.7483112346204698,0.5678787319053983,0.8535537898301933,2.6971940808700374,16.354818408819373,21.680489790937756,19.892535576810857,22.58502663652946,15.89185244673882,20.72213290842198,16.54074047713168,23.91059710556208,82.2004136092766
11900,0.11035656347919491,-0.36223341805713577,0.34575476904237307,-0.41257839019223347,0.14635509778974504,-0.22863349546581432,0.3183817018534784,-0.3808551750703897,-2.3103387350669653,-81.71523753690035,-98.93552907059133,-68.96548855061056,-87.74933389284226,-90.75083892477215,-83.4701264897603,-90.64861444364044,-87.0639926472631,-97.78483239851147,17.351370630162684,19.419877567811085,25.27259145413703,21.370454144072205,16.795411856424433,18.063310150189217,19.202732778468327,20.64567491579278,88.10371347845778,0.45877503847199447,0.5134669340073005,0.6682143078947075,0.565040718170562,0.4440753347282898,0.47759891628843215,0.5077255657195673,0.5458773549167348,2.3294865519350663,0.9383382411367357,0.8064153435999408,0.7715645788825829,0.7478532645363721,0.9261193166650086,0.8489361726126851,0.8685347330676922,0.7561027440785206,-0.2397625264160419,0.9548215985088276,0.9739530789772913,0.9399786786271225,0.9553844289969229,0.9593676707051572,0.9541068423586978,0.9592743344500749,0.9574611268054266,0.9548215985088276,0.6174641412422345,0.6228127603043612,0.9067866259486934,0.7838678520908733,0.5881045572621639,0.6605855099704483,0.6695070276180421,0.7580666486536559,2.91876756332382,17.253653707765267,19.310511529259507,25.13026495379632,21.25010313240263,16.70082590168989,17.961583830476002,19.0945896243206,20.52940561023822,87.60754381460814
11901,-0.21247322158663723,-0.4542312472135835,-0.14937711322021674,-0.4858294754123616,-0.015834696091302076,-0.5155285042851551,0.02961866271187778,-0.6098558470015204,-2.0062690032344674,-21.382807270059658,-31.974635262021923,-21.99224726118073,-30.007333580600626,-13.436194924698805,-31.456336679019785,-12.018155095119349,-33.69956201901431,-80.08547505579486,17.453962342401656,22.55082023137746,18.84460372257109,23.152128011131097,15.945358753680033,23.779626099555,15.938529668626103,26.666741996255205,77.53261020266979,0.45638679573576696,0.589659607641591,0.49274933342563365,0.6053826237378311,0.4169397782399447,0.6217904649081072,0.41676121109373293,0.697282868705255,2.0273253053528566,0.8651261368007073,0.7604010829367781,0.9189082318742005,0.705593818155178,0.9221654463073509,0.709710742596625,0.9348950226376922,0.6469477734376818,-0.0889802552554142,0.9549087843172872,0.9695515381523107,0.9425812431960806,0.9572876908904003,0.9585992606496121,0.9543736823801844,0.9586432636474972,0.956766439907699,0.9549087843172867,0.6248912600955886,0.7071218744527128,0.6758997879030195,0.8239329767122745,0.5571990424833393,0.8394968421197795,0.5556690036205703,0.934980548784479,2.5226720586620353,17.370573811223416,22.443080811578735,18.75457122483597,23.041515766723496,15.869177768554994,23.666015902998524,15.862381310325894,26.539338235277974,77.16218826887719
11903,0.09695104471768778,-0.41437046829330093,0.33807915953427725,-0.3911905269588285,0.14554048006201561,-0.2362701135526057,0.3013409968959455,-0.3893622172020296,-2.2414963559475685,-47.88350649714265,-70.2479551816742,-42.07841428175947,-57.06944849335572,-47.09075536769575,-54.22205036562298,-44.022592558147274,-57.474474747151525,-92.81372057914284,16.59606650517519,20.545865542625098,24.965632338763868,20.13492704102363,16.10973959454521,17.187494255835805,18.575105086847028,20.098447148307162,86.4409409845581,0.4340726039926888,0.5373801891303513,0.6529798513540556,0.5266320311005328,0.42135265083854545,0.44954148535218064,0.48583465437254314,0.5256778940452328,2.2608757522781078,0.9417089672278507,0.7875418470854045,0.7587089443091306,0.7675296927418486,0.9330419167447955,0.8580933768697367,0.8694408473673704,0.763418281673999,-0.2143429952131004,0.9595826925125478,0.9741080178604362,0.945983441281289,0.9603788794719164,0.9634555941380104,0.958974805547301,0.9634477811559711,0.9617073576028103,0.959582692512548,0.5807633967774166,0.6518132512193032,0.8825058288601111,0.7290339306946694,0.5555748190601549,0.623259694577497,0.6357265807144046,0.7268544618738687,2.827218765307898,16.50177355979394,20.429131244361276,24.823786498016407,20.020527549123386,16.018209785646157,17.089841028391774,18.46956794834141,19.98425492217862,85.94981431159499
11904,0.05268234220322925,-0.4819273508752739,0.3097980613481728,-0.39668057009428404,0.11948696274226629,-0.2805236739387897,0.2557818058480401,-0.4386692680130786,-2.2260664349170525,-71.83225683558277,-93.66889533232995,-67.88669862721157,-77.21436755753494,-72.11873278040886,-75.25147628790735,-70.87600196545054,-77.01681763396418,-95.43348966287985,16.560005768100318,22.06143911787334,24.275701269206927,20.206610147932118,16.195132845468713,17.9790025625919,17.872775480251324,21.21145901569932,83.9900021968511,0.4416508219318903,0.5883725438174674,0.6474263094262301,0.5389047627919542,0.4319197609384602,0.47949507811042036,0.47666203089509185,0.5657038071027717,2.2399903734185607,0.9511987649278799,0.7542663504816959,0.7734583589782007,0.7651358375334112,0.9367764397004981,0.8367909575116712,0.8916968951068905,0.7409615255359547,-0.18324689622221957,0.9554390698735998,0.9745559032456427,0.9409250118387756,0.9565834357410883,0.9594862166799492,0.9548033797505912,0.9594951391989422,0.9576278305636396,0.9554390698736,0.5929972298004597,0.7099518031948391,0.8814369144110654,0.7471548495514119,0.5710880330624073,0.6659238222704419,0.6282395454587226,0.7797457000920759,2.784038472055206,16.500191155674923,21.981753370847574,24.188017624460294,20.133624028763133,16.13663615121058,17.91406254474793,17.80821915380507,21.13484339021172,83.68663096018821
11905,0.15215983943696368,-0.37326636730510654,0.3958388630325333,-0.41869475736725054,0.1670581459918161,-0.1966768199886293,0.36243963654669537,-0.3540934945428337,-2.398315558847261,1.8077111142236126,-20.947408690541224,6.12483022246597,-18.270960283054226,5.444085501914063,-10.930954481997505,12.736027506237516,-15.45616815019846,-89.77413406124293,16.316673263461198,18.77388379890333,24.684828687499344,20.192788873633223,15.539023985373174,16.13840793968221,18.949076265411243,18.742621945848377,89.80262573519174,0.4377921880254581,0.5037215327748807,0.6623179239811244,0.5417921337629804,0.41692710275510725,0.4330091562832566,0.50842211677259,0.5028827469004766,2.4094916516518627,0.9199901780228896,0.8089424518295041,0.7335896392221597,0.7643993102206492,0.9285391893290234,0.8828581018164023,0.8429647484392374,0.7881781784547435,-0.26578300373510877,0.9616028377062049,0.9751281762546787,0.9496155225296737,0.9619252033760686,0.9650247705123292,0.9610662215802628,0.965008530316274,0.9634965073636712,0.9616028377062047,0.5840495694198687,0.6102584847744597,0.9029743915713991,0.7323098524020534,0.5485725238234322,0.5859498499360702,0.6660343647556229,0.6821425085326738,2.983975642609777,16.263487586494605,18.712688621245835,24.6043662486584,20.126968646142817,15.488373126787138,16.08580333471307,18.88731003201339,18.681528669037405,89.5099059285263
11910,-0.5197357548962084,-0.567831213540799,-0.5760690042318181,-0.4855596232264214,-0.16136995318594702,-0.7822685208187347,-0.2578285700457248,-0.8316743720675651,-1.6422881714841644,-22.281039075547575,-22.642802226947886,-27.877959850696726,-16.995095700058936,-5.51834687799004,-32.49999027965836,-9.310212492862654,-33.31793370344868,-65.14546140877651,25.27238730764082,27.869205812149666,27.086568759604603,24.857192677046363,17.729781255279708,33.90062747339901,19.191736953919595,35.71696729558588,65.92839680941735,0.6457282519396629,0.7120788919923378,0.6920819344555902,0.635119720985904,0.45300906945910113,0.8661861917349328,0.4903631225686997,0.9125950222119223,1.6845194680938747,0.6906934572314274,0.6869339386562218,0.6927496658798059,0.6706310698588138,0.8496747597659802,0.550744726802561,0.8019271020005905,0.5148891851611401,0.08190800346673532,0.9525900503564719,0.9591545990798233,0.9425938396516048,0.9581480877764367,0.955934674175166,0.9522013560839175,0.9561204867290437,0.9538267184029712,0.9525900503564717,0.8460267385285994,0.8468841002263067,0.8953943330395827,0.8400949128622623,0.59872242524152,1.1036226667937117,0.6510373504541854,1.1644232640355268,2.082107535980036,25.057871375031894,27.632647682397675,26.85665377421319,24.646200980684373,17.57928812953615,33.612873703643935,19.02883452207016,35.413796152468,65.36878637947162
11916,-0.9176915265869884,-0.7677975745916644,-1.0888911061563609,-0.38453370696071804,-0.4337130787271991,-1.0726110166791079,-0.6734205768759677,-1.0565577645850037,-1.050638225419766,-36.10575029418352,-23.521086409066314,-47.405192660787954,12.538432441259745,-4.967351843478981,-44.8594174671738,-18.66450180272277,-43.5989388431045,-43.56341508221196,46.61814027946611,41.054072035603944,54.562659604967955,26.744580751442694,27.00812980115191,53.75429799810744,35.97898665030275,52.994644128860045,52.72992449049115,0.9588069297681832,0.8443693490767034,1.1222038421568914,0.5500624693414237,0.5554829484441974,1.1055780671738038,0.7399888009162408,1.089954076390533,1.0845095214985476,0.37437836584950934,0.49928372411317457,0.2801475733751153,0.6382958434181254,0.6774412965769865,0.2684207846940223,0.5165768414890053,0.2728106452874849,0.2823985214794751,0.929091904200793,0.9533198211705183,0.9159223645952329,0.9407772240998176,0.933668234262093,0.9286507718029234,0.9341083895431438,0.9302624134116503,0.929091904200793,1.2347104152551527,1.0134536392840796,1.4130240027321832,0.7703292625791677,0.7664346890561985,1.4097201417124225,0.9916125510412835,1.3975968277982793,1.3854540816662222,46.3981738968563,40.8603595523745,54.30520723155869,26.618387200025925,26.880692700962992,53.50065985618479,35.80922081460039,52.744590392335226,52.48111982612812
11917,0.15881911451242534,-0.45047323246538984,0.37681042916084106,-0.17463074849830154,0.2746575596618073,-0.15050858400059003,0.3593476533718301,-0.29244872670955724,-1.8187161816643684,-1.617060737503426,-27.879348814025857,2.427189144961307,-13.152691802445418,5.963988390650017,-13.93839515250399,9.352259089461313,-18.231850840733813,-78.89266860788963,18.55950169300098,24.534210829296534,27.556444899335247,17.37803771233507,19.554181271381484,17.334844141626057,21.647579361778796,19.435785971567547,78.1109571825015,0.43779398483576054,0.5787294347352515,0.6500199207900365,0.4099248193489144,0.4612571544540578,0.4089059404074007,0.5106376338980843,0.45846436664387014,1.8425336935182226,0.9056753245833852,0.72746669429662,0.7191798844157482,0.8583772449592977,0.8666748075020203,0.8917961613797517,0.8210114134665818,0.7980211127708692,-0.0939152134667618,0.9565086364261003,0.9695610212792463,0.9427486612526852,0.9585362924792806,0.9605104108835015,0.9559229752161612,0.9605754838528714,0.9584856098474854,0.9565086364261004,0.5769958134851202,0.6966443002236027,0.8752175637774138,0.5602856375230344,0.5972094769893672,0.5556527759833297,0.6586187043559435,0.6275155083043447,2.3111963724075903,18.436644771311368,24.371803579984018,27.3740315970256,17.2630016378941,19.424739944943905,17.220093992379727,21.50428052722966,19.30712837749079,77.59389202049393
11918,-0.19658693743401662,-0.5595591583634882,-0.09690642778967577,-0.35484300132351965,0.011402278236220604,-0.46866756346522453,0.019316147062095723,-0.566750487675292,-1.7095014670131485,-5.74671924844645,-22.214283379084346,-7.277905699834676,-8.40241564168469,7.76573092155798,-17.82381831446418,8.186245916320711,-20.501249139497904,-71.26659166632183,18.701708123136846,28.438478216951285,21.26756484049901,21.443604838356915,17.177684656180872,24.438290121084627,17.164010582994944,27.60348947927418,73.16015222046552,0.4437882561660074,0.6748401040599135,0.5046755863859272,0.5088529846829403,0.4076234463901706,0.5799163416039882,0.40729896302993884,0.6550259676520448,1.7360775903989585,0.8725744910162554,0.6819991794239827,0.9173069841931238,0.7571800630755826,0.9370446412123442,0.7182542629542579,0.9393561726442394,0.6460325607625117,-0.020326369662852395,0.953715701779206,0.9687066936933808,0.9403702806198387,0.9572467891377685,0.9575646599399235,0.9531624548149984,0.9576941206821833,0.9555089751300366,0.9537157017792056,0.6053804427048972,0.805012979656875,0.6764229459445731,0.7056885110593296,0.5444534361034228,0.7903168995596209,0.5438169369853226,0.8906101677085642,2.206518525022515,18.57964287675088,28.252861489990423,21.128752357425697,21.303643349771864,17.06556664556434,24.27878245016811,17.051981822467308,27.423322687972828,72.68263904639466
11927,0.07513179160705998,-0.38253291659316446,0.30241229867017116,-0.4909827471848483,0.08983527302090508,-0.26598869391221264,0.28633838357249114,-0.4169803725270121,-2.432223481564836,14.739810409724063,-3.3765029748367077,17.23707413962193,-8.241903374082138,20.207168711080122,0.2519588688945369,28.74869696396193,-4.1387737542437755,-89.18285937761917,15.263980345419403,19.389583574523677,22.123133498973317,22.215655517351877,14.781024310324407,17.074242395484678,17.240228051606042,20.334924605109894,90.86859301412818,0.4110910433069711,0.5222022015594803,0.5958224411656533,0.5983142534061954,0.3980840231296829,0.45984520165752707,0.46431554392768054,0.5476622206207074,2.4472820234745987,0.9433843741108632,0.8033955929258013,0.8061863662181284,0.7122750142466394,0.9264589966790855,0.8294865393454358,0.8830580981152414,0.7403069814593484,-0.28074532088073556,0.952319156960427,0.9759234136887143,0.9405477474237873,0.9525788530163036,0.9554200425145671,0.9518194713997251,0.9554428702454196,0.953998407007629,0.9523191569604269,0.6315569205691332,0.6283397515535659,0.8654057913743581,0.864636751321096,0.6095004500867238,0.700650789342081,0.6799755639990912,0.8073212468978632,3.062849538531704,15.194561331930204,19.30140174165636,22.02251976205577,22.114620999805915,14.713801731235424,16.996590496284895,17.16182126670537,20.24244345841557,90.45533199429954
11930,-1.0841812225691394,-0.9629643515234607,-1.2276923029891116,-0.21200119735636458,-0.5392959263355037,-1.2222518644868747,-0.8556774540261596,-1.214514195750694,-0.9195102931324729,-55.39674294779521,-50.08883915000691,-63.38757464909748,0.1609530506120016,-28.22161772802599,-61.49157487060396,-42.50039003293891,-60.69606876415834,-48.223609979278756,52.89099412820877,48.981955787687,59.40696196021362,22.91702557820091,30.217281395863754,59.21249088404533,42.73391802224701,58.87806813975344,45.44018306694873,1.1150064212032809,1.0325991433244373,1.2523709403013357,0.48311874442431146,0.6370170072058648,1.2482712537244423,0.9008829155768738,1.241221215935816,0.9579342709551809,0.3031898421349285,0.38948772700461076,0.22423679696109922,0.7491875154428429,0.6500906280458655,0.2075846527340054,0.43651554398807024,0.20764301646086392,0.4177894601572819,0.9008676967560845,0.9296168137349,0.8848633569149879,0.9233401702539122,0.9096970731258259,0.9002004110508,0.9102563774126513,0.9032406746268794,0.9008676967560844,1.397159871608482,1.2336298605529326,1.5481603903351833,0.6725911133563612,0.8678540151876953,1.5523388031569296,1.1646688916657268,1.5470687010176476,1.2197114512048117,52.68212695050237,48.788525449828086,59.17236314645975,22.82652596606768,30.097952984909423,58.97866003893137,42.565161261351065,58.64555793411531,45.26073923254756
11931,-0.6715215546232569,-0.7450489243903721,-0.7972693674124524,-0.20673771873697594,-0.1752741657145778,-0.8680849088945076,-0.42205151897857807,-0.8807138363662013,-0.9944336328231959,-63.35570603707483,-71.74586344670698,-68.3807282960047,-39.10503355043266,-47.2784655866368,-68.28984256696089,-53.6127126966829,-68.02048468530825,-71.29730412823189,35.90036172080951,40.68047779247721,41.32395036732519,21.63302123977872,21.14046102159573,44.06026989168933,26.72360693442868,44.54135024696026,49.45352852268561,0.7759897153368716,0.8793123765004925,0.8932210970885064,0.46759980092350617,0.4569530652035,0.9523669025067081,0.5776332923632214,0.9627654999036938,1.068942698103192,0.5427281159670703,0.5225820619923272,0.48399188159973394,0.7428952200606345,0.8255229747352006,0.4180194575037661,0.6774291869101032,0.4046332576723157,0.33595005440596215,0.9279901041823566,0.9349908958154892,0.9151308440967214,0.9443340499994841,0.9336366021970184,0.9275012707987246,0.9340622062662767,0.9295583422107672,0.9279901041823563,0.992733716320033,1.0294611393012734,1.11630289375286,0.6383726130197866,0.6169569064142563,1.1942749922110643,0.7738650506422095,1.2111046106438494,1.3319509669429093,35.51680217232987,40.24584747272269,40.882445185078,21.40189399032345,20.91459628666203,43.58952986525246,26.4380918555214,44.06547035688399,48.925166908437824
11933,-0.5294350956519959,-0.661286796222056,-0.5493417793076196,-0.2768507072531623,-0.14019021063262088,-0.7540457083239428,-0.2986242292866952,-0.8071211314452348,-1.2630740712856654,-73.34322070854931,-90.03572553662221,-76.54712131839685,-69.98361187796553,-65.87286848812903,-76.92550522324996,-68.54504293928954,-76.78980247068205,-84.47528251956975,29.333510953061438,36.12232991608909,30.23924335719445,22.425112418201365,20.100571296899368,37.806346225812796,22.733700940956517,39.93160255816805,58.52387702246369,0.6706236958004006,0.8258298990534175,0.6913305799247668,0.5126836604284531,0.4595399245728291,0.8643299355209988,0.5197386214231597,0.9129176159527046,1.3379748085449217,0.6548977902080875,0.5920950090426607,0.6779349871952737,0.7382691672318981,0.850330664073897,0.5207761431054146,0.7622755974161306,0.479248700651987,0.2092187113926759,0.9437176983626363,0.9499541917942156,0.9311303504862463,0.954758117793312,0.9484667293482635,0.9432421991265798,0.9487977930833161,0.9452188620663088,0.943717698362637,0.8838936830304416,0.9777450218735946,0.9040061984671958,0.7014210004523566,0.6176861329223605,1.106673511390393,0.7052282116117226,1.1720451491964758,1.686736091915481,28.894353232341498,35.581535460954576,29.786525739781016,22.089381681017386,19.79964171877829,37.24034003365106,22.393350264737272,39.333778738435036,57.647704631030365
11934,-0.198210976845892,-0.5622625239976385,-0.06258985316098382,-0.36802864370758986,0.0064783513195141385,-0.4843891784589739,0.015214357979069981,-0.597170823650833,-1.796831580391521,29.197515073225098,15.64818884856832,27.485414996726256,32.62626756864228,49.94108151103005,12.759126300925999,51.06862132861725,8.438522987429643,-60.4998990604719,18.260797080064524,27.04613521622174,20.535948961259436,21.219652929172213,16.816740668811267,24.031681371292297,16.804554627634584,27.487456274655038,72.84532226352948,0.456669124793034,0.6763743578154034,0.5135665106957985,0.5306646960200916,0.4205559160109964,0.6009883824356222,0.42025116541689866,0.6874109900403729,1.8217282311115297,0.8724308436467539,0.6922568937144007,0.9234836436066097,0.7546513200937466,0.9334269050554801,0.7188500315597572,0.9356660601596756,0.6438806090978508,-0.019142010079612914,0.9531282014515123,0.9709522543357149,0.9391584645980139,0.9566757557457625,0.9572637070384619,0.9525350566935369,0.9573634623248225,0.9551112310687828,0.9531282014515119,0.6227438965996284,0.8061768918502129,0.6943505308340808,0.7309298890853738,0.5593599832987141,0.8160001890420101,0.5587528254410645,0.9263255102397221,2.295714617040097,18.16314490906094,26.901502218574343,20.426130096787467,21.106177861934412,16.72681079180133,23.90316858795191,16.71468991718729,27.340463250811812,72.45577169597759
11938,-0.3577888382991006,-0.6215713445341272,-0.3252675339641786,-0.3799559668588464,-0.06631444067438025,-0.621824865364447,-0.12379729597910506,-0.6995503097116833,-1.6162479574519308,-43.65068320112943,-60.568582090993914,-42.78252627123908,-48.92913789877202,-37.19573072783681,-50.81409655582957,-38.97614970001481,-52.7342303137493,-77.63350047184431,20.49984412104624,29.47634385241495,20.74136008131899,21.249231554317653,16.43511576770684,28.389538205092258,16.742524416796677,31.225734968307105,67.2012353009086,0.5011246464200155,0.720557790760526,0.5070285742490187,0.5194436399846638,0.4017611806866643,0.6939905109058117,0.4092758744410154,0.7633221649296811,1.6427537243847774,0.7878561917500944,0.6558410956999514,0.8388906440492566,0.740098783712044,0.9142773496114769,0.6392051090990127,0.8866371242875698,0.5838322671894516,0.06376090254410027,0.9547974746761517,0.9684766362677046,0.9452480862075855,0.9594253858344703,0.957674341731988,0.9544430296269589,0.957881713403375,0.9558274314729996,0.9547974746761513,0.681460982900074,0.8554932655493098,0.6855195125265509,0.7118810791490037,0.5379236970602921,0.9138683324943521,0.5522705078557141,1.0025443372609908,2.0512243473537057,20.393336755518497,29.32319889625952,20.6335979146079,21.138830730829643,16.349726782686957,28.24203977023005,16.655538283761338,31.063501014307057,66.8520898883949
11942,0.20148950776520028,-0.3836943367784001,0.4746878837990346,-0.3859050053527952,0.20244137470033638,-0.15087322326748284,0.40643263389503403,-0.3177589450682255,-2.4014872085121635,-3889.030084007122,-3378.806320831447,-4200.4271602439285,-3137.3650912358544,-3974.4421984859073,-3425.293089644519,-4265.0961524057675,-3200.7059250202487,-458.8815134053424,17.263799078006446,19.069830834364453,27.096199535341746,19.279704637634914,16.046925650576632,15.573010385946729,20.223398095847497,17.74389418731198,90.27004674731938,0.4616038329274723,0.5098939675239564,0.7245050470504943,0.5155056264399902,0.4290667629725283,0.41639509657699575,0.5407383411774126,0.47444073757538935,2.413663376689188,0.8897021059804905,0.8052017583147957,0.6818695450309369,0.7866439730461947,0.9125435071167443,0.9101817291486489,0.815231358310614,0.8125838803318679,-0.2711486648059802,0.9602439080865184,0.9733326876907152,0.9460237474607822,0.9605509995733971,0.964501430066767,0.9595876135147536,0.9644552653666266,0.9626229892699804,0.9602439080865183,0.612530010707071,0.6179231514517726,0.9893076206745657,0.695471184729086,0.5605053785011004,0.5641259026498945,0.7014060116685141,0.6425715674891582,2.966449256962998,17.199640825220257,18.998960742460998,26.995500679227952,19.20805458203618,15.987289720635665,15.515135689162495,20.148240948723252,17.677951734927248,89.93457200899171
11944,0.1331331342859297,-0.5177241948652281,0.2883836825012852,-0.3568016721764643,0.21183592723634628,-0.20348104626333569,0.3657369830589929,-0.3322590301914263,-2.199461100837959,0.8868968249859779,-25.59449447288518,2.3792271501117748,-16.46958704728963,7.119644056998187,-11.897276183978008,13.100282527987225,-15.518151883887727,-86.17771870150625,17.891136794410336,22.24935389688622,24.987431739976714,18.954424285695517,17.82730845890576,16.84453862292981,20.92018508361397,18.464620532652564,85.84625927767438,0.45976306285897395,0.5717597049205727,0.6421223135100325,0.487087224498923,0.45812281431769947,0.4328677802152896,0.5376029751571738,0.474500339926602,2.2060609984727364,0.8953666586003022,0.7574545392470174,0.7428200811496792,0.8008877006197364,0.8872181847698988,0.8875134484632479,0.8093172462415026,0.8091902778716806,-0.20970729837932423,0.944743546742238,0.9765649953488964,0.9313442301119566,0.9454342266721638,0.9480746153290396,0.9441726800948723,0.9481048738362727,0.9466122735428595,0.9447435467422384,0.6474844933681263,0.676280577730764,0.8864822293414443,0.7009009888242654,0.6415490893652636,0.6274587733763108,0.743768337277101,0.6831226098365493,2.693060202965477,17.853857146285858,22.20299305946128,24.93536558713773,18.914929072177635,17.790161809478644,16.80943976476904,20.876593826804633,18.4261459201045,85.66738197236674
11946,0.034438039198167326,-0.4537522564953624,0.053996971260844115,-0.231820600692049,0.24613934212297733,-0.2652149201527575,0.28763389967096237,-0.34611945196970106,-1.7208129740714162,19.603749896350173,9.309622420227742,15.550636169673798,10.834118504220145,35.25319432203911,4.162049127545677,37.67330695099233,1.3548629800445382,-69.43971753996426,16.338101364283347,24.07942286753382,19.7930917955333,16.83092137217714,18.735020794380365,17.760511284557538,19.7906698525915,19.470420486040137,74.75025948237388,0.3795710593446822,0.5594194724620186,0.459838303914615,0.3910203831242146,0.43525692069174715,0.4126168599688076,0.4597820367004759,0.4523419193572145,1.7366176488561083,0.9381755309046343,0.7302461794611717,0.8697283951315591,0.8459499739830095,0.8573579667891833,0.8459606774219492,0.8334270881894761,0.787331013347441,-0.0446195192437584,0.9525897884036989,0.9626886571594203,0.939712895258907,0.9555140113231007,0.957586198702416,0.9519468443203095,0.9575521907740885,0.9550908298236327,0.9525897884036992,0.5131407900099542,0.6736258197544582,0.6241487880778683,0.5416204352251482,0.5674854067960723,0.5674643269868657,0.5974469864158316,0.614047865371468,2.10912672872728,16.27622523281158,23.988228578681323,19.718130824067508,16.76717881847426,18.664066980105854,17.693248160970143,19.715718053578286,19.39668154471868,74.46716313108108
11949,0.15836795904301748,-0.5738216883247694,0.3802918488750843,-0.28254733607857363,0.24740278711449176,-0.1789412043378615,0.38002904476968874,-0.3287288867890793,-2.121577955267249,10.720832334743282,-21.306685711661764,14.978644305940838,-5.4715875000561915,17.913220487586397,-3.143146146184024,23.542509537214457,-8.003434265414421,-81.46478991798587,16.364355833364478,25.37101329765979,25.11440919388017,17.360372628898894,16.94787615820868,15.575785350912211,19.970262588637226,18.30860523777755,82.57618034657727,0.42219923561483624,0.6545703680682874,0.6479500001433551,0.44789639925612035,0.4372540191714642,0.4018541723376759,0.5152313776237849,0.4723607342247717,2.130459675732309,0.9146021327426479,0.7056387318169396,0.730663898655653,0.817206538203025,0.8924382705836166,0.8852140845818066,0.8288481226392244,0.7923180129521515,-0.16584894955783125,0.958948757750401,0.9749075077737854,0.9448583646763001,0.9601237671709173,0.9615727721095518,0.9584527765678933,0.9617713331642636,0.9602086972683102,0.9589487577504011,0.5606547990146415,0.7644540365197413,0.8643245065702281,0.6099369213186207,0.5709268951440375,0.5535241189969439,0.6613386327012675,0.642724116182509,2.608001644799853,16.327595082018536,25.314020066717685,25.057992396239168,17.321374433798375,16.909804591711488,15.540796037667434,19.92540155867617,18.267476940917575,82.39068190938072
11952,-0.2752058546626842,-0.5452915677687484,-0.1801227396327635,-0.4389063796968683,-0.05617899049206232,-0.5576359497164829,-0.05220823907111327,-0.6572670225966836,-1.8323715873040272,-54.76361739944598,-66.27589805580345,-54.63309748475095,-63.40642984718829,-51.15929437586523,-60.60729359935966,-51.5888231766956,-61.62346955059489,-85.9903344405334,18.86038012689241,26.35829306267576,20.060657230605983,22.591286602082118,16.48403384598858,25.801217604870846,16.438076131475977,29.121902672193983,73.36496517637329,0.47735319732500825,0.6671241716680609,0.5077320183921783,0.5717818420750136,0.41720825392997063,0.6530246811410754,0.4160450715435744,0.737070687824467,1.8568555067797576,0.8342453349233222,0.7039766237350897,0.9074324937729876,0.7207465207191543,0.9117273641139756,0.6826911427978346,0.9135342182666654,0.614988420244948,-0.026584645542364838,0.9547165550198442,0.9700053069028952,0.9410820260210917,0.9583566692314273,0.9588356616194531,0.9541314827294394,0.9589357151062858,0.9566833154255547,0.9547165550198446,0.6578902848467786,0.7962558394647556,0.6924694903898507,0.7862782003345605,0.5613267185125395,0.8794959746423974,0.5599488410984081,0.9852413690522474,2.3377524294977308,18.76162026616847,26.2202713826101,19.955612279189527,22.472990348062567,16.397717405076698,25.666112976012823,16.35200034199604,28.969409719635667,72.98079933803453
11955,-0.07051918896669322,-0.520525731513694,0.0796532224899365,-0.5262708346466336,0.004735923819078549,-0.3839383417676713,0.15081208464179538,-0.505523412507893,-2.249064491327152,24.007500648587417,14.735188784719252,18.063132703291842,2.018900161303354,35.164155224367846,7.781687077893321,42.25893096518856,6.098755694016062,-83.22853870799224,15.918590952814052,22.890431556189377,21.086157785172485,23.07496843119668,15.189710098969186,19.488460110122443,16.34242458589399,22.476686416901448,87.11863290261768,0.41225708822508833,0.5928126860940607,0.5460858964300024,0.5975917921711107,0.39338065001772415,0.5047089810150306,0.4232334629546939,0.5820975815414199,2.2561842337078533,0.9487835830902799,0.7481774357660946,0.8425147614206746,0.7166173016350013,0.955249178250736,0.8021959353504083,0.9213426357095524,0.721947139970901,-0.22667452178464087,0.9567850336866627,0.9760448471949721,0.9430326814874432,0.9575187161103661,0.9604341223503537,0.9561834448763762,0.9604475988082135,0.9588128756763677,0.9567850336866627,0.5645570885912171,0.7078919479965092,0.7457305754815837,0.8138453961412063,0.5328162141611349,0.6948073387600462,0.570561913821687,0.7963720456342805,2.7979148973982966,15.886622772135071,22.844462320973953,21.04381194539936,23.028628603622945,15.159205678173114,19.449322813624146,16.309605250097054,22.43154807679521,86.9436787119238
11957,-0.11588135126151414,-0.5644456474093755,-0.009765249446424097,-0.2059940137323941,0.13415425682563134,-0.3973412021288205,0.10569257107400866,-0.5010686866101489,-1.5686643913549876,-145.52897613845053,-152.0089742601262,-132.71518484811156,-206.39281444271873,-177.51603404312667,-139.59579083475992,-180.05133762113158,-138.7440861564063,-116.1862406472989,20.02771172100343,30.265858077551695,22.667920471890202,20.5763119938901,20.144390770893764,24.330652717595306,19.833032952456673,27.017685414777,67.90727791062527,0.4746684876925866,0.7173185475464865,0.5372429800976215,0.4876706351923315,0.4774338494537493,0.5766507073258321,0.4700544869550469,0.6403349546587003,1.6094422247626465,0.8741479936320786,0.6954459666884993,0.9076925952356178,0.7960318335513752,0.9044060215276085,0.7289975764461928,0.9065410803755929,0.6593678802221177,0.0510500413746765,0.9247361428820764,0.9462696131408567,0.9107265295916122,0.9284873266753224,0.9290050311663318,0.9241201998503793,0.9290569080582162,0.9268709378764598,0.924736142882076,0.7130082563307004,0.8553876893873491,0.7907783923203405,0.7390935865064862,0.7008094024143187,0.8413257218328323,0.6936827491762155,0.9204258251930463,2.0459892433212317,19.831386989589394,29.969172338268802,22.445714687207794,20.37460952373444,19.946922275107116,24.092147743764436,19.638616589681025,26.752840388726295,67.24160635100918
11963,-0.09733158816334198,-0.5178139801970778,0.0095870842590589,-0.48999143668175027,0.03064136601195695,-0.413223063711843,0.13883110168792603,-0.5234388842279148,-2.1631108500152947,-7.056056924909643,-24.99712996056757,-7.2190740790481325,-20.000265296782754,0.9056854753864177,-18.911455306324203,5.08605594496125,-21.839567038227976,-83.21236476811309,15.613307681026518,22.295744257932864,18.500685095771434,21.83741860575694,15.265769883301141,19.87038391550072,15.967852181694079,22.772512426722948,82.88662553214617,0.4088319858940598,0.5838105280557363,0.48443750566040117,0.5718093435281952,0.39973176376816294,0.520302852067887,0.4181156774254758,0.5962946269564702,2.1703731465911056,0.9324203401225939,0.751133878843192,0.9026829494917905,0.7216033849577341,0.9474139123677149,0.775261369154656,0.9335284900554011,0.7025968254716102,-0.16907528475921896,0.957825559896353,0.9772148274017963,0.9473030988475202,0.9592581637511668,0.9604696615999511,0.9574236680623034,0.9606012116361734,0.9590295707589463,0.9578255598963531,0.5541738617869311,0.69872587900062,0.6595555983274397,0.7883721937052762,0.5295166803627074,0.7183447528106801,0.552758660125303,0.821021443893245,2.681698955603462,15.582326769198989,22.251503633134092,18.463974867201642,21.79408741968239,15.23547857793549,19.83095584397086,15.936167760261894,22.72732576839296,82.72215665151217
11966,0.06815242410017533,-0.3939815564466284,0.21964145126735338,-0.5197134807130198,0.08001073956879073,-0.2608787528280301,0.2949538818642061,-0.3858938188492669,-2.4121877236429263,2.769967185142345,-14.765775431340147,2.6477663605378825,-20.241514928074455,7.234469400986004,-10.356237310727995,15.894225750569133,-13.48453246660602,-93.75216029790116,15.77431553883652,19.287813480652037,22.49505591896234,22.994583802051363,14.819163386247922,16.90953552691779,17.9813646731532,19.34791770147207,94.02100303662657,0.4058319954464506,0.49622513340628355,0.5787391160520252,0.5915906655900101,0.38125842183651165,0.4350382448015778,0.46261361313521177,0.4977714582411137,2.4189151777957463,0.9437037111940367,0.7995214313901376,0.7938505190032346,0.714656262468307,0.951548240557694,0.8564429711648887,0.8611569691224314,0.7736895629483135,-0.3263697223110513,0.9607599407142009,0.9764680541348023,0.9464823614862695,0.9606580884880225,0.9646078396141066,0.9601146659381169,0.9645570231218404,0.963029411501347,0.9607599407142013,0.5486009558938716,0.6022121148496796,0.7892325144450785,0.8001993496387434,0.5102798209936624,0.6013876742778765,0.6159451022404849,0.6866972203177982,3.0032227020601865,15.738703960021855,19.244269943803303,22.444271816487262,22.94267198176597,14.785708127691857,16.871361112588772,17.940770532400997,19.304238475300306,93.80874429540705
11968,-0.16222993210847816,-0.43058475861898393,-0.0648109018844696,-0.6638967837338603,-0.09876712796671827,-0.4761988301438999,0.07195184022081487,-0.5821617316289542,-2.409641182055144,-0.7420412295549039,-11.445622832446329,-2.597268652266042,-20.283296032879182,5.593674980725104,-13.518252905946134,12.571210676437824,-16.024268071323704,-89.94278463930894,16.641723806999867,20.51754645328684,19.643457988944487,27.545909350795693,15.851611625296586,22.030177201855928,16.002418192248534,25.019367991535514,90.89057872415177,0.44317452288846654,0.5463889417785369,0.523111681403365,0.733556533905041,0.4221335782594351,0.5866707910675848,0.4261496062342093,0.666273914962817,2.420445701916394,0.897872884828525,0.7926537922004032,0.9246213925228377,0.6372595328366137,0.8982911913530097,0.7406335702142472,0.9461080450163715,0.6721553678742183,-0.2809982534036757,0.9562565799775173,0.9744983856923778,0.9412366298006531,0.9565580105669016,0.9605892822852199,0.9555439546335297,0.9604838668864606,0.9588601695076362,0.9562565799775173,0.612523575308906,0.6565292330191906,0.7110251630846127,0.9870123331285533,0.5754987467195308,0.8097123525607396,0.5652400092577692,0.9090081000551667,3.026310616280153,16.587605944967866,20.450824654447278,19.579578672017597,27.456331748193886,15.800063159472277,21.958536420878108,15.950379312746023,24.93800654600278,90.59500815367194
11976,-0.02682472592010949,-0.43712894781573053,0.14367718390083906,-0.5464296545581023,0.008164319452417466,-0.3433422146495121,0.18888861101167737,-0.47099763995656185,-2.33534867428884,-0.7114947009246356,-26.00814732831575,-0.30684301436249034,-19.779766672624913,7.513088308640217,-13.272621283802508,15.592870442348868,-16.929765475283816,-90.55205626575868,15.955755446199497,21.636253630263294,21.55940839548188,24.532654522956644,15.414319040008106,19.22862168082842,16.61812546498215,22.343934029557214,91.21337044077261,0.4113586859502351,0.5578088039918577,0.5558276408367939,0.6324815243917696,0.3973998001220145,0.4957371384846483,0.42843538667167697,0.5760536611600355,2.351591081483106,0.955677839075575,0.7732686733233257,0.8448653242174136,0.6906660692258186,0.9374620638748088,0.8053593579333553,0.9170611709005079,0.7206221495913726,-0.2822101572203577,0.9613917620339802,0.9748259834127517,0.9483077914991932,0.9616462745874114,0.9645115355947755,0.9608464055145325,0.9645449940482275,0.9631489447123435,0.9613917620339806,0.5489614010199813,0.6689239345863802,0.7460012675961553,0.8538449741163403,0.5258044290359422,0.6771654846338472,0.5667979609726658,0.789624367823085,2.954590979629463,15.87122157881204,21.521624385580445,21.445186278177506,24.402680096418297,15.332653712033531,19.126748111714658,16.53008234981774,22.225555481920438,90.73012043190887
11978,-0.08044612721560233,-0.41254670125420073,0.06833650754479467,-0.6907781300901354,-0.07920332413276479,-0.41069133681402586,0.1487764544879772,-0.5348499894026468,-2.606743451602208,304.7544919408251,479.45119377413994,253.9647563531551,207.72460229447157,352.4984630346981,250.32702328676137,390.90778825109794,252.59083027333253,-81.2774262253637,17.0355093923307,19.524987166793025,22.064176458804717,27.84130014734495,16.25035314985417,20.597732320735023,17.094681086506373,23.3758148988944,95.87670625114659,0.46494488370362386,0.53288942986737,0.602190737089058,0.7598639853406797,0.4435158574596674,0.562167531235312,0.4665598384333863,0.6379888789552031,2.6167332605794797,0.9350730126836859,0.8015122739894625,0.8665465366306636,0.6404373239164931,0.9093278224287002,0.7839239127486253,0.9295341469153282,0.7059066043891158,-0.3516479963407908,0.9505610744127435,0.9752222425611873,0.9320552999400986,0.9503103954915482,0.9560752897753205,0.9496457928132512,0.9558754141768266,0.954001421240552,0.9505610744127437,0.6315682758461165,0.6405441007786862,0.8174124457047582,1.0165923905111989,0.5984670987113916,0.7773002802964356,0.6184521544279513,0.8748429911729414,3.242052419579637,16.97894744858494,19.460159564616248,21.99091814413282,27.74886040771193,16.196398111613604,20.529342949452698,17.037922678659648,23.298201632576824,95.55837277836254
11979,0.014040165508280801,-0.38615297484298844,0.15041467710445136,-0.6096195785764699,0.01699864733573685,-0.3228027240874917,0.25033194579162027,-0.4449988208085512,-2.5623934208931747,-2.9060143708733976,-20.925107076456925,-2.644979408213076,-25.554247625171794,0.0545449926307108,-15.308652624726355,8.597628961988399,-18.247657229005217,-95.72262917230903,18.5392898028316,19.65106504678108,24.164669037599722,26.985646868078884,17.396891383634177,20.69413359272243,19.465517571388343,22.75299952089678,96.00393631402017,0.4970617307092772,0.5268698265314189,0.6478852394880655,0.7235192113188692,0.46643258895439277,0.5548358091665696,0.5218950648103218,0.6100366001591349,2.573986557557431,0.9336947356565707,0.8239188695872102,0.8357234480836979,0.6666204670534068,0.9213655346823005,0.8117491629978721,0.8852233418862915,0.7364850536367477,-0.35361002537676356,0.9344951862182354,0.9673062024563752,0.9135490067934703,0.9342730339299876,0.9412395997127829,0.9333922683753442,0.9408782408653926,0.9388588159778622,0.9344951862182352,0.7102392864355426,0.6435987256872531,0.918145262207594,0.9878975964860752,0.6657006789130375,0.7866584533807702,0.7345108942279744,0.8532070351779193,3.1839321969981436,18.465953370460127,19.573330731272915,24.069080121546193,26.87889892424777,17.328073971424846,20.612273179251947,19.38851723167027,22.662994788873142,95.62417062408458
11982,-0.14849560762483188,-0.38585419133550575,-0.08446957987419829,-0.685007686612255,-0.11517554584687083,-0.4436419824787751,0.08467724322952934,-0.5338300091788041,-2.3730440555857952,-2.789233602489049,-3.102573786979196,-7.905515718908945,-25.181541905972963,2.6751429614779236,-15.521765677150798,11.033485502887961,-16.7949772565366,-95.28923297364767,17.47269880605288,20.059297276364983,21.61474469464306,29.818940520015257,16.57535386478514,22.27240913111778,16.69471724520847,24.866981239225574,95.85580830016394,0.4344296694365184,0.49874114935703434,0.5374147689992582,0.7413984878266107,0.4121186761244589,0.5537665041781931,0.41508644856051596,0.6182762353746131,2.3832956531583256,0.9168005857263074,0.8035204720773883,0.8940423472016318,0.6221049316391851,0.9059216742721303,0.7600719950175727,0.9467875072722528,0.693447732793453,-0.3497304846936342,0.95522128481413,0.9772671405549581,0.9393644588347838,0.9549741380722504,0.9599826995996037,0.9544520367383378,0.9598607364568738,0.9580701237969029,0.9552212848141302,0.5995044982436859,0.5976154871527387,0.7321480523288338,0.9886519338819997,0.5648551256984,0.7646542684628838,0.5647189861173381,0.8462217019703113,3.0243518159138456,17.40861768039087,19.985729800399962,21.535472615023057,29.709579550895292,16.51456375183856,22.190725067071963,16.633489367045115,24.775781581558856,95.5042571079126
11984,0.05105239923551565,-0.3644883778860859,0.24152178329000942,-0.575940556709294,0.04307290816531556,-0.2924431502480501,0.274715617099336,-0.43246861339051834,-2.570575599104392,9.112385926819575,-2.504940168794106,9.207679191825187,-15.82389150063809,13.519192172000881,-4.821553245790903,22.948758993515543,-8.14323965977047,-94.13566924002117,16.897943302637817,19.393201454606334,23.058731518556687,25.20750062080902,16.152731468093513,18.855628945249293,18.281584772753888,21.527985352584054,95.17609077341011,0.45953619493176295,0.5273942422687474,0.6270776006412886,0.685512947437714,0.4392703078512239,0.512775065187517,0.49716404850774665,0.5854492642266644,2.588294789441358,0.9494076362778104,0.8093004367295615,0.819623392766694,0.6828184303573286,0.9288516805244464,0.8263084077652894,0.888027733896305,0.7410625982576604,-0.3386446962373608,0.9539913477135206,0.97199425960766,0.9384712170351529,0.9537830496393398,0.9584527689121646,0.9532725548491673,0.9583867565650267,0.9565743463846318,0.9539913477135206,0.6096608725670054,0.6329631145089675,0.844074462084211,0.9143095153315883,0.5760387852560532,0.6939565875527381,0.6502694053340213,0.7934296822524765,3.202169594366816,16.79987696943565,19.28065402077708,22.924911372056076,25.061210204821634,16.058989932931187,18.74620128545874,18.17548854839807,21.403048811672097,94.62374129137534
11993,0.03782578929153404,-0.43043492395821603,0.2278406728001966,-0.5173508042496734,0.051508445574199944,-0.2839141531003798,0.2505916121047639,-0.4188175638620299,-2.361197220278197,18.494905878404612,1.9868523419965578,16.316151477103404,-6.95831667503571,22.764850805469138,3.1304516991460947,31.2368529973166,0.718056658648707,-90.81250908986553,16.45239614300738,21.494241623745747,23.324653889485475,24.014535068471424,15.675250464990818,18.495465120312858,17.782288390315617,21.2811471808588,92.60802246590957,0.4216485157024609,0.5508629258635024,0.5977734553854142,0.6154540031063687,0.4017315188849767,0.47400909553962567,0.45573152022335905,0.5454016571968158,2.373395028631569,0.9552940328751202,0.7776852497437616,0.799901960554938,0.7059981291721761,0.9449562129295372,0.8354697767106425,0.887813196842773,0.7472887880345003,-0.30408850250810193,0.9582421113598731,0.9734449145814963,0.9435197307658356,0.9583243846735844,0.9621216285075319,0.957593153031341,0.9621108367912483,0.9604545755105781,0.9582421113598732,0.5674068139483323,0.6610471911418652,0.8162526473682035,0.8285023708479965,0.5348651161456935,0.6455156733479566,0.6077123066242592,0.7455173296200033,2.9734413815893355,16.38824242558056,21.410427965756504,23.2337028060264,23.920893894047484,15.61412711370602,18.42334475360807,17.71294895217673,21.198164453547097,92.24691099903914
11995,0.07892649200214613,-0.4120206386521476,0.24582324035911685,-0.5513160219859811,0.0725000197579121,-0.2607271993903157,0.3082007706069295,-0.39292944189670836,-2.5276478344565287,-2.048324266630143,-19.868507849178727,-1.9517468058227478,-24.961833370480097,1.6588817314570774,-14.563894660353627,10.380718705211622,-17.500684162812476,-95.55538989651828,19.002383354925012,20.572534118524665,24.71701688467755,25.430906922503706,18.221323685217346,19.917740871038976,20.763865740930694,21.811053705173745,95.71378620039481,0.503856636390643,0.5454898814208501,0.6553826831357232,0.6743117946315529,0.4831464922656275,0.5281277475744166,0.550563124387274,0.5783297784683538,2.537893561580259,0.9274086578034627,0.8161892817477787,0.800406530946873,0.689591168132051,0.9223479602284773,0.8365175050207292,0.8606440328840431,0.7557811188370951,-0.3504066172249751,0.9343599315182577,0.967401369095611,0.9205972740696672,0.9340697309995547,0.9382584367237778,0.9337307707838864,0.9382095013243136,0.9366076790632822,0.9343599315182579,0.7216172055045186,0.6578781969086275,0.9334587001128314,0.9446292629377344,0.6870964026985212,0.7575797710735663,0.777791838474017,0.8289337576169508,3.154094277291291,18.935571787388003,20.500201968025713,24.63011290994661,25.341492940918076,18.15725829008926,19.847710945606213,20.69086087662665,21.734366972754,95.3772606198132
11811,-0.16362019700770347,-0.38271681387449613,-0.07212098578423325,-0.6935367138460844,-0.11635256745775939,-0.4758722590208946,0.07204635748211209,-0.5791576141601358,-2.454153498814805,273.50794567181845,379.6929854152907,199.72517100640252,195.93439958032758,351.39252400881685,221.7644125748014,385.7911377875871,232.37007579099668,-70.87555315332276,16.143858090911692,19.330657146638423,18.28504805039714,28.59399257970314,15.687785135722018,22.067860256016406,15.161782702492898,25.106360881209984,92.98320920860989,0.4274673199901534,0.5118494078422231,0.48416310661171325,0.7571298822767195,0.4153911308427357,0.5843268088975025,0.4014633045960883,0.6647821567905261,2.4620684238338457,0.8970674721161915,0.8149745259556258,0.9275205686942831,0.6207304978041451,0.8853806672866221,0.7390107338943057,0.9454340680641626,0.6688922625484051,-0.31192373868492895,0.961938118499259,0.9736436356706905,0.9501457870043148,0.9620288635169743,0.9650763162324647,0.9614353290734642,0.9651129300432325,0.9636191276598963,0.9619381184992595,0.5812819611508039,0.6245840639586863,0.663805854016479,1.005116731628523,0.5587386476141201,0.790426646082604,0.5350345660728119,0.899013015317469,3.094109913086074,16.10523803001891,19.284413482212198,18.24130573891515,28.525588749071257,15.65025611299383,22.015068531630494,15.12551200636091,25.046300319442885,92.76077060803371
11882,-0.12333721849432731,-0.39668710665938445,0.002683753930205531,-0.6651991935130763,-0.08305946759515376,-0.4456091250582423,0.10801016665069971,-0.5621690987282068,-2.4855551242354132,-541.6605892270857,-490.08072590698106,-523.4271439750877,-454.99825187668205,-603.396872565658,-485.5359096367282,-647.1726355203069,-470.1687236861619,-136.96807381975123,15.589576009196943,19.59607120649394,18.244016719868384,27.150100942510274,15.211384629328057,20.82953418894974,15.132026816115971,24.0910135615502,92.48994424108723,0.42112749947039213,0.5293565688871897,0.4928329761503226,0.7334166184855121,0.4109112633115971,0.5626766015285177,0.40876753872141397,0.6507802582249672,2.4984681380318996,0.917847208816459,0.8006878316364174,0.9150799407039732,0.6421881115829977,0.902926287741672,0.7594528066886614,0.9442048445963833,0.6844522346875352,-0.30246066425160945,0.962438554762338,0.9749293528440244,0.9517148399749794,0.962608282413826,0.965253784711278,0.962003451860202,0.9653349198977422,0.9638335486138533,0.9624385547623386,0.5635830615268347,0.6375584353123785,0.6645432912447528,0.9688523607299574,0.5440877732464412,0.7582538494355334,0.5393685214825144,0.8754203436082694,3.1088472745573283,15.52762371986322,19.518197281476812,18.17151579990932,27.042207635595577,15.150935255902715,20.746758536295737,15.071892807149682,23.99527693332969,92.12239327095799
11890,-0.029650366408942978,-0.5653578364041991,0.1093232492637818,-0.1594539293086601,0.19411057732314488,-0.31354269414713926,0.18323090994458546,-0.42558981025913994,-1.5555963509977384,-11.771208305811403,-35.30575450576475,-11.317869504730234,-13.514452608385948,0.4099046185165057,-22.98392760788396,-0.017079763233567156,-25.975894629950467,-70.69334500879522,19.998702077818848,29.107711186639822,26.944656952720198,19.45757347703299,20.31900166678903,22.106234862320566,20.184606489508973,24.172643224344625,68.36909885563483,0.46288403812152895,0.673718466434424,0.6236530534602942,0.4503592357168459,0.4702975975902521,0.5116643680633242,0.4671869266016357,0.5594928442964233,1.5824509229589874,0.9371970522485917,0.6693698939857693,0.8088605512665055,0.8703965339983184,0.8895048964366615,0.8118732142577014,0.894625457041559,0.7308023849587273,0.0518448937542646,0.9387678079786841,0.964112698205997,0.9166735411294857,0.9430948076240537,0.946778523901661,0.9376205334362013,0.9465783517394978,0.9432532124725058,0.9387678079786842,0.6215832997798199,0.803878408803933,0.8398853911109475,0.6129857076110594,0.6279044240455888,0.6965172748368993,0.6237368090792514,0.7618129164920243,1.983940478088678,19.886545746436777,28.944469887833577,26.79354645252842,19.3484518925277,20.205049037492117,21.982259106634995,20.071407572627017,24.03707867754051,67.98567260738591
