0,11890.0,11890.0,11890.0,11890.0,11890.0,11890.0,11890.0,11890.0,11890.0,11890.0,11890.0,11890.0,11890.0,11890.0,11890.0,11890.0,11890.0,11890.0,11890.0,11890.0,11890.0,11890.0,11890.0,11890.0,11890.0,11890.0,11890.0,11890.0,11890.0,11890.0,11890.0,11890.0,11890.0,11890.0,11890.0,11890.0,11890.0,11890.0,11890.0,11890.0,11890.0,11890.0,11890.0,11890.0,11890.0,11890.0,11890.0,11890.0,11890.0,11890.0
1980,21.49446124544491,21.346980348353302,21.202699123578256,21.061428328654305,20.923614937355715,20.789095474993093,20.658240465923065,20.530900696112216,20.406758563728513,20.285609865436125,20.167105818772082,20.051507715715662,19.939334347554066,19.831212183289043,19.726542063803866,19.625021491418384,19.526733312841515,19.43172629785805,19.339411629948664,19.250122012249538,19.163938520739553,19.081733894870062,19.003491695780106,18.928766253790663,18.8574304314229,18.78957828997005,18.725178675736085,18.66377699637745,18.605402706030418,18.550850198222186,18.500215600196384,18.453496213102646,18.411243612173195,18.372216096618594,18.33658592781237,18.304538399480172,18.276270921834097,18.25233709050801,18.23253767391689,18.21619146655678,18.20306910344215,18.194107752062525,18.18898806076751,18.188433785574976,18.1918336676208,18.198574221602218,18.208978754722086,18.222378033284276,18.239389431395377,18.260254944367496
1981,18.570186137731575,18.446459165758732,18.325782734012712,18.208013196392976,18.09293680067073,17.98161016783058,17.873988541637303,17.76976107920512,17.669245621107414,17.572426462278145,17.47952570479347,17.39133638173515,17.306704197012802,17.225805737297794,17.14813097970162,17.07349002399306,17.002629657190116,16.934802316628204,16.87050579611524,16.810005788014674,16.753739896580758,16.701951545200952,16.654607813422285,16.611191843701977,16.57229493440136,16.537290110165472,16.505754354766534,16.47849746943464,16.454957636950052,16.434961249806495,16.41807830442857,16.404951014521146,16.395972000452296,16.39117248762905,16.390376890125374,16.39357982138864,16.401208349987584,16.412961571024766,16.428548221619856,16.447532730682557,16.47004740736136,16.497165394297713,16.528282262445945,16.56338484505836,16.602838069539906,16.646858852630004,16.69444092791199,16.746051629786795,16.80135370118537,16.861826731705428
1982,20.15293268194022,20.038145330608554,19.926720733803315,19.818489100233208,19.712935079555784,19.61035582380898,19.51044703683599,19.413555839380372,19.320585516470246,19.230889115970506,19.144173387837174,19.060615648392403,18.980211760661287,18.902985145046987,18.82943745881177,18.758991949182423,18.69210493745151,18.62789988807996,18.566772924858363,18.50853949789368,18.453654497310033,18.401534143033615,18.352695020471323,18.306206189230924,18.2624590652699,18.221720848970353,18.184670122700226,18.15049138087931,18.11936529941864,18.091965862232634,18.067694063954583,18.0461891000641,18.02819519937401,18.013280101519573,18.0015550542201,17.992587250380325,17.986459461028296,17.983854973273356,17.98481667830726,17.989487829978742,17.99757124983932,18.00861132057538,18.0228061057898,18.040234758040242,18.06106543550498,18.086133513436295,18.115311038936262,18.148466283872544,18.18519819499331,18.225232769500273
1983,17.737309456035412,17.638602186895586,17.543559550969483,17.45250968647646,17.36535901659452,17.282305479964368,17.20242486872947,17.125325914382213,17.051908598653558,16.98230239480913,16.916449133016638,16.85356633875666,16.79423866586798,16.73925881023671,16.688783733021495,16.64230285312089,16.599880537317652,16.561549092568534,16.52705223728591,16.495863076682184,16.467911368329986,16.443722882116983,16.42322487593188,16.406660390411233,16.394075084307264,16.385235825367733,16.38048531906349,16.37923185971987,16.380758037783313,16.385636209195486,16.394262334625587,16.40688945374929,16.423478758959398,16.443693961266533,16.46817810841864,16.496447407436122,16.527850295266465,16.562930172151034,16.601452601644354,16.644218316668674,16.690139470581865,16.73974248706865,16.79270283990216,16.8491282658604,16.90903415554442,16.972099414864058,17.038645482785157,17.109042005566664,17.183190717800557,17.261016347494184
1984,19.78196071645185,19.662620396148164,19.546804106106546,19.434063472557984,19.325181765332296,19.22026550592892,19.11954270547292,19.022371160309472,18.92806639195408,18.836666429168226,18.74878579930664,18.664451719958294,18.583695532458968,18.506572924815103,18.433034433838902,18.363955754109774,18.299193435930334,18.23838599259361,18.181536000557454,18.128465084780956,18.078642485513605,18.032167111625878,17.989097346970315,17.949617118292736,17.91354520623825,17.881330136692767,17.85246256509495,17.8278990768911,17.807871019230316,17.791714962358963,17.779275853611505,17.771588531025635,17.768808874311915,17.770009574348492,17.77516852061711,17.7840521275516,17.797148778210115,17.81420346713314,17.835711775813316,17.861069015826935,17.890331444676363,17.92316868042192,17.95921510994708,17.999258201793598,18.04373410812098,18.091714009106724,18.143226503647856,18.19873087826113,18.258100465760187,18.321204817190694
1985,19.811521753318843,19.680307345800184,19.552008191317153,19.427081347060298,19.30664136394984,19.18926207389013,19.075291380479566,18.96440065700075,18.85650287585371,18.7516140750566,18.650211003611222,18.552574583501922,18.45786772912003,18.366244611219873,18.27878919092814,18.196180097249492,18.117233866619323,18.041242586207296,17.968134161917586,17.89843925665444,17.832412923213738,17.769406969933097,17.709599915748512,17.65292059704459,17.59978502597866,17.55022580033118,17.503541427004677,17.45990982868284,17.41997554438436,17.383760761206624,17.354575499854665,17.329953915001767,17.308817104580452,17.291599968470162,17.27781690785594,17.267605679872805,17.260328334721248,17.257079029782616,17.258222090928818,17.262945499752767,17.27095667417741,17.282571679276295,17.298510105266057,17.317777725867604,17.34089073973522,17.36878494898997,17.400812253606972,17.436976481504225,17.476647572285184,17.520426341944635
1986,19.881798655187623,19.79178782225713,19.70521489979686,19.622300632795273,19.542926257330947,19.467268773340752,19.395566420999522,19.327183179935943,19.261532478678625,19.19903013769855,19.1398488957121,19.08430253714101,19.03203817186437,18.98308471654873,18.937920225449336,18.896663660078207,18.85862748264835,18.824053996726867,18.792280041579012,18.763435338483408,18.7381883087943,18.71717722520978,18.70013523722669,18.687059191121083,18.67742443862946,18.671592302399915,18.67011118170444,18.672568542968254,18.678424701483557,18.68813908702042,18.70130712759254,18.71760520831362,18.73767089583662,18.761350366223056,18.78826723521636,18.81854138338767,18.852854940162462,18.89120275341232,18.933984980490887,18.980051284265414,19.02910610542852,19.08164650174717,19.13792541608366,19.197632609687137,19.261329249094192,19.329094618651535,19.399885723339057,19.473864864274468,19.55122218861154,19.63259718088764
1987,20.606524175761617,20.481256840262166,20.35927474339389,20.240007851353447,20.123705022376075,20.01085348495024,19.900966420445002,19.794345400700355,19.690373015657304,19.589488109730233,19.491560243068815,19.396722509227065,19.30449192273753,19.21600059201843,19.130989072884034,19.049379873065313,18.970258450950165,18.894585208652273,18.82286651567422,18.754108697466453,18.688578866114195,18.62652811598977,18.568190878630986,18.513427812278913,18.462076100004264,18.4140329044809,18.36863085474718,18.326614343884156,18.288281870915657,18.253820123979313,18.22326057098225,18.196428024783437,18.172472361913137,18.151558288956213,18.134044148137765,18.119588661806894,18.10822100047857,18.10018241562444,18.095891259398382,18.09487110753938,18.096605776624845,18.101358285778257,18.109268365540196,18.120537012538517,18.135783301742165,18.154522840051,18.176067211251862,18.201172589944257,18.22966851366814,18.261406578178754
1988,19.91488668360703,19.81964288891021,19.727813295014347,19.63928532276044,19.554100171030147,19.472025182976065,19.39300673259656,19.31688579399343,19.243997923776217,19.17437130265623,19.10852461989736,19.045884618051673,18.986120088161105,18.929359943364396,18.875813715355665,18.8261697347798,18.780226010251035,18.738115562284563,18.699657353245033,18.664595979455555,18.633149992517637,18.604186335762773,18.578102476290834,18.555123094546474,18.53546141395837,18.519423289132035,18.507049612097823,18.498396040384492,18.49366930091517,18.49171725335707,18.493547094910454,18.49858436479328,18.506410426083058,18.516965648615866,18.530653603669208,18.547378035501588,18.567390349532154,18.590741241900535,18.617530256312957,18.64753467216129,18.680788342624844,18.717438719096084,18.757499375076627,18.800572664278313,18.846671975969493,18.8953647203142,18.947614957363655,19.003674843532323,19.063472050679124,19.126996790980282
1989,18.298888689758577,18.21612699751764,18.136399896941036,18.060197420873955,17.987871852470693,17.919285877810864,17.85449367501141,17.79369096571058,17.737113933865107,17.684302565853123,17.63512037559503,17.589953974123905,17.548907060354136,17.512061554364763,17.47910713203682,17.450803972799175,17.426363821088945,17.406121704084875,17.38986664802659,17.37776096506632,17.370127957653672,17.366797668126107,17.367376033111928,17.37191439365264,17.380050218962133,17.391841959590902,17.40794749029287,17.42790374915548,17.45139122366964,17.47841900283555,17.50945588337064,17.544688205523936,17.584030761635283,17.627200983042695,17.673992813094895,17.725117463752216,17.78012180150681,17.83848049212294,17.901597563267543,17.968829322411963,18.039101156607835,18.112818724649138,18.19049211711833,18.27215371390286,18.35725708076636,18.445019157846268,18.53645135425335,18.631230591897637,18.729485887050274,18.831628443717275
1990,18.008058680793102,17.91573422979898,17.826902394894176,17.741656931160716,17.659952759500026,17.582864774755706,17.509784450798882,17.44030370827893,17.37478568091372,17.31281730716377,17.254267368322914,17.199247982394326,17.148027693562184,17.100172378095692,17.055644842510354,17.014979651411274,16.978065223356587,16.94546419858814,16.916553864043564,16.891428750945,16.869780743330782,16.85173419082029,16.837126910191337,16.8260507998239,16.81903749587319,16.815726378681685,16.816018443166957,16.82006860776475,16.827864863591156,16.83956958415342,16.854905932680836,16.874207686104942,16.89754977636012,16.924752678286044,16.956098539609883,16.991454655229205,17.03049040028135,17.07335819851967,17.12035133809685,17.1707028029861,17.224160228648884,17.28108093310749,17.341802683295995,17.406182123023637,17.47411286219684,17.545298055837385,17.61993079431255,17.697939106157047,17.779486566445417,17.865018320345783
1991,18.8113398191054,18.696630292511106,18.585091420144305,18.47768797776119,18.373993944257965,18.2737860474224,18.177241295902117,18.08468844484269,17.996454141670217,17.912308613480484,17.831297158871394,17.75393420932346,17.680170514899267,17.609359964185465,17.5425444769766,17.47915190271086,17.41940695170538,17.36334509871126,17.31079923123292,17.2620960088494,17.21746817017487,17.17656822925128,17.13941437976647,17.105750279966426,17.075707699326706,17.049379839503835,17.026331747005198,17.007097788298587,16.991691613246925,16.980299615268112,16.973070384650274,16.969475780309104,16.969376742686293,16.973765251665704,16.98209618338347,16.994192832303273,17.010150762172763,17.03070190573246,17.055743088525023,17.08430413973027,17.116791098534968,17.153196030764683,17.194038238849114,17.23883822766133,17.287849884957943,17.340828876072376,17.39802353650849,17.459360664286447,17.52415515997691,17.59283420291144
1992,18.807798156309836,18.718678665932686,18.633052696126576,18.550975332314586,18.47234147503866,18.39734986103466,18.32595742002006,18.257543772327587,18.192063543910965,18.130338124857808,18.071776062082527,18.01697414219483,17.965664909958207,17.9178391262925,17.873485076991685,17.833051249957037,17.796307089004465,17.76297016568635,17.733234858186464,17.706925735738245,17.683823056793155,17.664337028979467,17.64814349635424,17.635846652395465,17.627784061176847,17.623776940878557,17.62369800645106,17.627632527713907,17.635035753382095,17.646254256287513,17.661866188993745,17.680528715309595,17.702448350203003,17.72744901728642,17.755679180377506,17.78764452225928,17.823097873711113,17.86136510190482,17.90259616883601,17.947330143035177,17.995766305843908,18.047638524066453,18.102709837160432,18.161120013994733,18.22267378071971,18.287165198847966,18.354965397236864,18.426037646350867,18.501568755343538,18.579920225421827
1993,18.388952917474167,18.278826290755777,18.172325582199644,18.06996696413412,17.97117018747851,17.875651665702318,17.78382087395601,17.695389873534214,17.610382516775935,17.528940150532,17.451515226303197,17.377302249782502,17.306378396296136,17.238800993338625,17.174672075462503,17.11391499685182,17.056792985887295,17.003362254202177,16.953663762882805,16.907837594395758,16.865916258652806,16.82754624733048,16.793392479728467,16.763102154760656,16.73689921650039,16.714923972172706,16.6967930584942,16.682865772123797,16.673194826691756,16.667940133464896,16.66623207078984,16.6688539280851,16.674786042013057,16.684435521363035,16.697613857797617,16.714696542077736,16.73564815321188,16.76042791424145,16.788687659934368,16.82072736648909,16.856169593803422,16.895553955680803,16.93819860038174,16.98494750593303,17.03621867972089,17.091395749780936,17.149877810672532,17.21199008916996,17.27815227553008,17.348086095183326
1994,18.77253248274226,18.68698540617026,18.604573686453197,18.525725208857523,18.450833843780526,18.37914538877873,18.310870330409756,18.245728684340847,18.183988729308034,18.125149223019182,18.069763703709217,18.017877073939268,17.969177899996158,17.92327920916639,17.88063720880548,17.841087003143112,17.80462116116335,17.77121290652105,17.741250325513075,17.7146958545089,17.691487993777276,17.6720672503885,17.656277485489536,17.643720116414578,17.634475744602234,17.628213190244733,17.625033902123306,17.625036715896734,17.628021781064174,17.63413394593572,17.643516940010837,17.656276736511213,17.672471466639724,17.691971276018396,17.714666889668415,17.740175257633528,17.768644757721454,17.800028173690517,17.835034489503688,17.873652122948293,17.9150453821719,17.9596315635762,18.0079712504203,18.060712309668617,18.117122629433524,18.176386752916702,18.238937713318464,18.304930288527835,18.374110912242696,18.446416845912697
1995,19.377635900229876,19.260460002281715,19.14668455361402,19.035654869641373,18.927744518026657,18.822813169750823,18.721553299976254,18.623737471141226,18.529064335886073,18.43744716037446,18.348876047097463,18.26374585888579,18.181527703220347,18.102259086492897,18.026068883227186,17.953312923661702,17.883923179015287,17.818036148682033,17.756156706479693,17.697719430430848,17.643033107597986,17.592003373454588,17.544596847312878,17.500542566335902,17.45963384117049,17.421725726159007,17.387384211923052,17.35696317489821,17.330191549272353,17.306661262110758,17.286881224936987,17.270756436232322,17.258430341157926,17.250048711320986,17.24524178498907,17.243561480435872,17.24560632755016,17.251296304142674,17.260594311028612,17.273064634610215,17.288748282334797,17.30781028999532,17.33052673932035,17.357119829725672,17.387056719715417,17.4205273060753,17.457534230901455,17.498776191648975,17.544119669501075,17.59316755125113
1996,20.76222169686939,20.62962670183253,20.50024381222572,20.3739920376857,20.250425831942845,20.129651046063938,20.011229074873278,19.895139705690628,19.7818109717716,19.67149592342371,19.564094904604637,19.459679107842916,19.358807461735182,19.260944559180825,19.16595885621345,19.073598007028316,18.984665366585798,18.89921814060748,18.816739582175046,18.73708669757795,18.66046776076605,18.587052769307114,18.517180168049837,18.450605738610975,18.386907444853673,18.32635498545792,18.26897253314465,18.21434669882966,18.16251582987612,18.113934676395107,18.06872745689262,18.02680203144123,17.987757508108288,17.95183225096919,17.919152636708795,17.88987798474492,17.864316816441494,17.841786109074327,17.822562815167466,17.806159304782444,17.793165971978656,17.783811539040606,17.777927746314532,17.775616269601674,17.776282695046085,17.780206710136135,17.787599689226305,17.798620363209086,17.81322164273148,17.831599716735724
1997,19.532037891084034,19.385409126455674,19.242563882615723,19.10334344157444,18.967908834922937,18.836060762399708,18.707914057277176,18.58286405871978,18.460983020782734,18.34269957173019,18.22798073737602,18.116957529975448,18.009498681980855,17.905970272741886,17.806383121564377,17.710569399163585,17.617910948861798,17.52862857522317,17.4431860933997,17.361786087813886,17.284420090538045,17.21107331104483,17.141828946749154,17.076522048003714,17.01475455669541,16.956541328233296,16.902283852061423,16.851704310286802,16.8049607997504,16.76181658378186,16.722366726007223,16.687416054832784,16.656371474433822,16.629290263414532,16.605944652473788,16.58674792636917,16.57181530308412,16.560834442816578,16.55353572282603,16.55043995868571,16.5514143004666,16.556129887274803,16.565006872338888,16.577301847580625,16.59342540386247,16.613663905779493,16.637925525645862,16.666448214706268,16.698945500191087,16.735484704929107
1998,18.704138921807353,18.587177356612525,18.47326234099842,18.362613475617334,18.255175016669543,18.15122134519319,18.050950570861556,17.95416038704076,17.86039166873999,17.769950984995557,17.683066058616653,17.599629889393757,17.51975338879301,17.444348695024583,17.3725851085387,17.304550758829613,17.239901507556176,17.178723764304493,17.12131771635965,17.068022362415917,17.017953450840096,16.971636321449164,16.928940009099204,16.890013573410815,16.854668189516687,16.822583554031922,16.79410284674427,16.769025500285014,16.747622943419103,16.729548037480754,16.7149200357316,16.70367396562536,16.696452329806394,16.693268662584934,16.693637278381182,16.697172364332815,16.704076325236674,16.71458555207948,16.72908484361642,16.74709319749958,16.76918181324153,16.79488616469844,16.824632366349537,16.857562555469563,16.89416969142113,16.934455469635243,16.978154678506524,17.024788618848596,17.074969380860534,17.12882047175438
1999,18.72685204099062,18.61274263088821,18.50172046134864,18.393789266850355,18.289118365547008,18.187752335268005,18.089226149809342,17.993552197775134,17.900375334507494,17.810007811828193,17.722607972663912,17.638524868705513,17.558594227417835,17.482133169363166,17.408669395420972,17.33830016092305,17.270997439016398,17.206663666702397,17.146062119634465,17.088881432668227,17.034988494259974,16.98480525990603,16.93852416142167,16.896210511686867,16.85769132355668,16.82244738627759,16.790811553909872,16.762631312487713,16.73769055659761,16.716293414232503,16.698179400904863,16.6839908671764,16.67354203244935,16.66627879163479,16.662330542061277,16.66166394972598,16.66483462905424,16.672068614451778,16.683455654501504,16.698082388357008,16.716731858236596,16.738416092996992,16.763520178882384,16.79228454990683,16.824694801829413,16.86047319932895,16.89977014443572,16.94249316945073,16.988707073817086,17.038515350644175
2000,18.064394852647883,17.952286383971252,17.843247861534213,17.737662970539205,17.63531785047417,17.536702883806342,17.441812950469235,17.350600848520077,17.262469532500557,17.177629276225378,17.096634661732434,17.019083574614516,16.944634221666238,16.873812545581846,16.80665706348943,16.74337492192856,16.68375912145733,16.627826381699396,16.57558211664917,16.527082268743655,16.481956095585435,16.440204982630135,16.401840218683557,16.36668392392357,16.33463987412614,16.305893120563578,16.280385789607394,16.258662329040998,16.241101833800812,16.22684067356399,16.216104891675425,16.20912040985922,16.205963006823836,16.207025322898385,16.212120602686266,16.220642927893017,16.232839456015398,16.249047550012513,16.26916489347547,16.293264838847403,16.32128269974506,16.353037378861902,16.389255790932268,16.429396553183707,16.473441850376023,16.520664363531196,16.572003230829555,16.626781610986644,16.684963233377417,16.74652213228066
2001,18.736897930847984,18.62459538517701,18.515176529193226,18.40859528728994,18.305402520169277,18.205558253343103,18.10908567904259,18.0156914317413,17.925083320884404,17.837382634138546,17.752728809064966,17.671617704412878,17.594157985656533,17.520016446735287,17.449115675104146,17.381654882797218,17.317694714184118,17.25726669181062,17.200461720134925,17.147218479965417,17.09776744641405,17.052292868236155,17.010739207457807,16.972432837503696,16.93830048968825,16.90826211637421,16.881573291686667,16.858550938269193,16.838806939252905,16.822269455367255,16.808964027084382,16.799243582234162,16.7936323972829,16.79195279665451,16.79380630058218,16.799100349916156,16.808444013607495,16.821431753001992,16.837967809175588,16.85825720460872,16.882539803780407,16.910267390234612,16.942067258096678,16.977595679335565,17.016231072434667,17.058630049828583,17.104798620599936,17.15449687081628,17.208376885058726,17.265560897998782
2002,18.030020916781908,17.93126353662384,17.83577109184625,17.74351450479538,17.655098551442624,17.570171248283728,17.4887980401524,17.410967280427066,17.337092380343897,17.267091690990917,17.200398818488218,17.13761949511689,17.07866703754123,17.023454041316004,16.97203032236032,16.92372035800808,16.879254186157542,16.838066040978703,16.80069469808613,16.766604699414987,16.735783255056113,16.708177624891256,16.68411804106962,16.66331085501233,16.646150358616598,16.631900232807883,16.621224841412086,16.61478170335784,16.612498229063398,16.613557362661883,16.617944453720586,16.625670447779036,16.637034067076222,16.652208145414836,16.670900257834177,16.69333747206723,16.719097961557356,16.748628598087823,16.78195085940896,16.81880449092705,16.858581202972456,16.902541936915465,16.949787127772133,17.000377004179946,17.055012988461176,17.112914364760403,17.174120730208667,17.239139353808795,17.30835010635385,17.381238971543812
2003,18.385251644223764,18.26369213150628,18.14527650961004,18.03024810505344,17.918848512055526,17.810962819381114,17.706404502686876,17.605353806131625,17.507932150011595,17.414167369159927,17.3243625631318,17.23821620060701,17.155551898419137,17.07651486900005,17.001195118547177,16.929685155323565,16.862058918695258,16.797974268560367,16.737880489644336,16.6813093750404,16.628511933075412,16.579531570333717,16.534619629899822,16.493791299557977,16.45659107286132,16.42380433602581,16.394747137964337,16.36958075420988,16.348661483362115,16.33178641071133,16.31855620124215,16.30862860651134,16.30232389501691,16.300020367379794,16.301484381296344,16.306734813537986,16.315654789672067,16.32838302701708,16.34507824379084,16.365700006770076,16.390361679511262,16.418815182119705,16.45064485680126,16.486200381158422,16.525466945115486,16.567872863509947,16.613839722068324,16.6630920635749,16.71640994262851,16.774228192785532
2004,18.853591190516347,18.729328256884077,18.608406032964382,18.491334741489403,18.377849723705314,18.267851315804513,18.161278888400254,18.05801417797612,17.958654495057733,17.863169559706677,17.771192855951753,17.682604583637705,17.597797934881953,17.51684182365585,17.439756074084663,17.366987701963723,17.297609072406583,17.231619316096307,17.168803312608972,17.10952455516756,17.054285356618482,17.00307966948746,16.955796034023162,16.91255309721075,16.873928383357352,16.839570219367403,16.808634256994225,16.781784673565916,16.758731987690734,16.73927361594433,16.72342589216564,16.711194824932278,16.70325915542481,16.698679475039857,16.69805135921438,16.70106320403835,16.707509169657115,16.718332868502806,16.733248945425323,16.751797802588488,16.77419829065865,16.80067653766979,16.830136062917298,16.863455325824322,16.900765428176626,16.941845308482247,16.9861811859331,17.03411905012782,17.08585923466655,17.14121540899622
2005,20.446924584679792,20.324703696703885,20.20523469717864,20.088689124874033,19.974721894807576,19.863694960638792,19.755553739606533,19.650320117214314,19.547687096295697,19.448178318120267,19.35193216162593,19.258865688972513,19.168741225339968,19.081550330491005,18.99719296652584,18.91582836629354,18.83804975563047,18.76336681979341,18.691734352164882,18.62335293230431,18.55830684187509,18.496195014935946,18.4375202681339,18.382291577089084,18.330448233519366,18.28194992337713,18.236501945098034,18.194499325027024,18.156121116791002,18.12161430568411,18.09080898649702,18.06426350097526,18.041239120515648,18.02144840202314,18.004521926797448,17.991266449081564,17.9821957667455,17.977421171575383,17.975878544210385,17.97770680848076,17.983198586565873,17.99218129688994,18.004742050683703,18.02114673535935,18.040890067157285,18.06416144841692,18.090930697302063,18.120977262914298,18.154481982082775,18.191396491394308
2006,18.917024862337712,18.805814163036082,18.697617762219565,18.592019230602908,18.489716391349067,18.390335203168014,18.294100587268378,18.201750368107767,18.112906126479526,18.027445801815812,17.945108280113693,17.866513963615,17.791765317322298,17.720466415529312,17.652117299569056,17.587085850080896,17.525340322056643,17.46741357081584,17.413475631084452,17.363166242514012,17.316556979987162,17.273159102090844,17.233425776065015,17.197109639762395,17.163994406044825,17.134543133546252,17.10810004007166,17.08479215427869,17.064754449818924,17.04812543463974,17.035405963983308,17.025948671506548,17.020187637705426,17.017880214828764,17.01934244942296,17.02410613322789,17.032193609552625,17.043576075721955,17.058744167093373,17.07758957797259,17.099762987294667,17.125065539780824,17.153593878221052,17.18560606015795,17.22065881747547,17.258705665115908,17.30074495389269,17.34674442880154,17.396279279055918,17.450129519802342
2007,17.041988068125043,16.94389016662293,16.84935690880798,16.75792220085005,16.669809861303055,16.585510542522492,16.504533290697253,16.427242275099186,16.353576876433234,16.28375864035108,16.217330176155166,16.15440761347269,16.095429460464494,16.0393887041275,15.987676022212963,15.939822796921348,15.8958318640133,15.855124754869326,15.817892246499985,15.784298615640974,15.754439248137693,15.728197800879531,15.70561656949093,15.686993174105,15.672020846298695,15.660839323110949,15.653094949228207,15.648686505878251,15.648242942932615,15.651944138586272,15.659551894425668,15.670573947815866,15.685224342649,15.70398028024798,15.726043391080118,15.751820666591286,15.781204460189059,15.813915290306696,15.850232688911152,15.890464624963432,15.934755863494043,15.982644279786275,16.0345984733897,16.09035732692248,16.14956956450779,16.21308656313062,16.28032889396258,16.351511872216086,16.426882777797978,16.505767119727317
2008,18.174600487979244,18.066383477194496,17.96137592202195,17.85905520316677,17.75955358591726,17.66342219194712,17.57062264160148,17.48122416306453,17.395603571045726,17.312864234126717,17.23384055258016,17.15943696593863,17.088862185108354,17.02210827113707,16.959584033409502,16.90014964537396,16.844425678101086,16.79209344771519,16.742887152326514,16.697002461244892,16.65503453050016,16.617520140690644,16.5839191774308,16.553849185216972,16.527313425115747,16.504123455274158,16.484874424716438,16.469807633882066,16.458340230598314,16.4498047444086,16.444575062979066,16.443014858353465,16.445031276147525,16.45025755360259,16.45897808339901,16.47109374236884,16.48714982633607,16.506918544260444,16.530329463679365,16.557477103483947,16.58842900558843,16.622984287501197,16.661084626252638,16.702631132946017,16.747271712906056,16.79535868672189,16.84686098935111,16.902714423584285,16.96281806033149,17.026985421883538
2009,17.8174383217054,17.710780026298245,17.607657960661665,17.50755576205291,17.411069099299688,17.318008636449324,17.227866486827462,17.141087057133703,17.057386657646802,16.977520680786224,16.90089297429031,16.827331831581702,16.75680917014927,16.689873630915883,16.626214120494208,16.565752630811293,16.509118896246857,16.456388277795487,16.406926963385924,16.36090345865355,16.318691412458744,16.28015425551615,16.245502666833232,16.214689575284343,16.187210076362625,16.16286876840801,16.14236308004419,16.12601919870242,16.113579498821387,16.10426027422847,16.098228056943032,16.095376580142585,16.096089690933855,16.100654507794488,16.108989159329045,16.120418748066665,16.13503776463368,16.1532133703281,16.175139696226235,16.20078517585459,16.230629736898173,16.26377881748033,16.30047322461501,16.340729756877934,16.38454534553615,16.43230462803429,16.48349378539224,16.538267554429247,16.59710854306884,16.659797179420167
2010,18.71754999292123,18.596592107850142,18.47841939975695,18.363239554663178,18.251314627854043,18.142839491936137,18.038048062375147,17.936362984236204,17.837653376441448,17.74177735909419,17.64927417881492,17.560343338014967,17.474842909486192,17.39325004746805,17.3151694977329,17.240802118599095,17.17003296948275,17.10291239281947,17.03964282127863,16.97932852907862,16.92234861923085,16.868743756568247,16.818369682061803,16.771907276999958,16.72899687356317,16.68962984248177,16.653579525914424,16.62088616606989,16.591787084424563,16.56688655599539,16.54521526227751,16.526923999023644,16.512332255555897,16.50153730927056,16.494686697944278,16.49148049625583,16.492323641028822,16.496334522202545,16.503633255692595,16.514009918733354,16.52769369430331,16.54552831051962,16.566897714254914,16.591995838151558,16.620518633619575,16.65257007495647,16.68854175917668,16.728159603409647,16.771098589975725,16.817185443681346
2011,18.501174200609817,18.404814943464007,18.311842814708086,18.222395640937616,18.136245592492163,18.05342764565003,17.974299138316994,17.898131884564773,17.825419166445915,17.755551753164585,17.688418876202867,17.624067352988277,17.562703907737525,17.50511847776446,17.451326275461593,17.400417232895578,17.352473305744997,17.30756665516265,17.26594051570818,17.227552977741276,17.19192316616152,17.159707042679702,17.130608527831523,17.1053419173293,17.083761023851117,17.065344111993117,17.050714202958055,17.04005160309479,17.032979626141834,17.02921874781676,17.02876248026937,17.031399000664127,17.036831087833715,17.045296439499214,17.05770366879615,17.07405607369774,17.094328083038913,17.118483903619076,17.146451707417107,17.17830048799193,17.213908970884496,17.25345898392668,17.296365244620546,17.34281378029568,17.39311299511357,17.44704633062039,17.504537004791406,17.565095157207658,17.629119644211084,17.696734703054666
2012,17.403219546302864,17.33721565460727,17.275274258694274,17.2170270993056,17.16256837486086,17.112038140478948,17.065177721879774,17.021991513562188,16.982577301899088,16.947517422139065,16.9170442830101,16.889984427165544,16.866038048374403,16.84525022493074,16.827736163884484,16.814025145142946,16.803943267316647,16.797964813934623,16.796160865383776,16.797805051825115,16.802799533418412,16.810902068583268,16.82188002151565,16.836223460236305,16.853880850489094,16.875239864678832,16.900472124380475,16.92956107622686,16.962722629024032,16.999865240612962,17.040530059430555,17.08537616905648,17.134324465073878,17.187325569703713,17.244040572389807,17.304004339835554,17.36715758652477,17.434007814798335,17.504339975170343,17.578156905013962,17.654736627266697,17.73433501449023,17.817033722344693,17.903101209681992,17.992260802043294,18.084585472171845,18.180608376331367,18.280246384432136,18.38299326757814,18.489062558621217
2013,19.277585553383886,19.179373917090505,19.084777740170015,18.993476824871113,18.90507184939345,18.819804943341264,18.737609381802166,18.65858915746915,18.582966764634136,18.510297620019653,18.440826003397472,18.374639816130497,18.31233102370444,18.254216917443337,18.19952691178131,18.148068044427426,18.0999418452789,18.054876483875365,18.01357888117845,17.97620581046916,17.942539443116257,17.912697303044617,17.886311689375106,17.86396587787115,17.845612239798786,17.831496646697314,17.821594559285383,17.81622771512073,17.814574913499854,17.81674771488736,17.82238246991942,17.831149887170906,17.84331538048887,17.85941202277983,17.879103141003842,17.902726444733826,17.929736740084433,17.960639762135475,17.994696131566045,18.03186987474738,18.072247256724832,18.116167752528135,18.16447814055632,18.216716779215172,18.27238615764129,18.332035489031764,18.39510602424236,18.46184121325353,18.53179776662658,18.60505490042696
2014,17.032589060117733,16.964178576762365,16.89932926078621,16.83825509226835,16.78119915045702,16.728576894691926,16.680177154682923,16.636324147806008,16.596447546481585,16.560430496643654,16.528551280960873,16.500923640727546,16.476802565498737,16.456669347482627,16.440894171980002,16.428939086440668,16.420987856256644,16.416848772082275,16.417267832936542,16.42151798586765,16.42976059066523,16.441644708311106,16.457274571562145,16.476824043712817,16.50036892368727,16.527688382399266,16.559101191325666,16.594046217813553,16.63232292051733,16.674838315067085,16.72159202939397,16.772196322369474,16.82642022067699,16.88435920528928,16.946436850377783,17.012233642846514,17.081410423061133,17.15457166448646,17.232034468419553,17.31264084518426,17.396804096523272,17.48462583853801,17.57649543547195,17.672016331521434,17.771171964388028,17.873925929802333,17.98012122866666,18.08963698754208,18.20240334408779,18.318534355453846
2015,19.279240667745647,19.21774002361829,19.159065602032047,19.103526302858377,19.051593176143356,19.002747051702222,18.957140707904472,18.91586256329754,18.8778396472821,18.843374997731257,18.812360907166457,18.784633998654165,18.76057159313133,18.740534652425563,18.723794045651083,18.710606920880167,18.700850716448954,18.693876044281655,18.689844792092146,18.688647075169595,18.690707821857906,18.696032037713834,18.7050213229472,18.717686908412755,18.733551428357394,18.752638570532863,18.775086209339314,18.800537842740187,18.829304252446423,18.861399058444274,18.897321259480716,18.936250289537547,18.978725974768054,19.02543283476172,19.075549283596878,19.12928215652827,19.186594769887485,19.24757557002846,19.31175459535393,19.37851431588923,19.448500516441154,19.52165276546525,19.597991900152746,19.67742710298535,19.760198549264754,19.846299290202563,19.935553131453176,20.027670368197317,20.122984639294778,20.221690440250413
2016,18.363812566005205,18.284376936710622,18.20799148437543,18.13560880388874,18.066574437166842,18.000755864243875,17.938228197484055,17.878799186061816,17.82248559519549,17.76906911698189,17.7193078005562,17.673216124663977,17.630209182365245,17.590915945543372,17.555006282498326,17.522479338751605,17.49313710671044,17.46747731083287,17.445498051416635,17.42762661862761,17.414308642660977,17.40491178564698,17.399287656668445,17.39805950507882,17.400553090375944,17.406500979998643,17.415574005384773,17.428402848221086,17.444545794990656,17.464401681028775,17.48821102434355,17.515774355903087,17.547109889327217,17.581939636444186,17.620685435739503,17.66290724856543,17.708545917493154,17.75757011029449,17.81009052002602,17.86673494911886,17.926692476312507,17.989971297916465,18.057087847779243,18.1278700414003,18.20208972521178,18.2802796204946,18.361914529528654,18.446753390336166,18.534703802957576,18.626114667876454
2017,18.812439255198147,18.7439652195552,18.678734461849867,18.616580308353555,18.5579356274526,18.503072568694414,18.451341274404147,18.402996844788866,18.35817127668236,18.317377153483793,18.279978352194806,18.24597514810983,18.215557296759542,18.18862967417875,18.165042360526925,18.145024486380898,18.128349781561692,18.11576316175798,18.107078646977957,18.101958405780117,18.100877618445782,18.103526743193417,18.109438705976658,18.11894350945838,18.132377969035158,18.14994437810073,18.171437770247316,18.196997259804927,18.226340940737945,18.259315252385644,18.29626837837711,18.336778906023667,18.38127065505205,18.429657558872023,18.481521029919385,18.536929721733692,18.595845293353314,18.65795142243733,18.723861872849277,18.79312405267875,18.866269566304865,18.943242274246863,19.024019854150314,19.10854224045767,19.19648238287335,19.287787878745032,19.382484141036322,19.480384079520135,19.58200333997226,19.687128555995795
2018,19.782881608700745,19.760279819861147,19.740821420819422,19.72448886361679,19.712590631475457,19.704809674312695,19.701025728092667,19.70045882672548,19.703351047452063,19.70960736090147,19.719206070361363,19.73201544961821,19.74815166673041,19.76746254352759,19.79057417524648,19.817192192840306,19.847209384396553,19.88061586931853,19.917140204152382,19.956535992458747,19.999269162747904,20.045433214060544,20.09442237011841,20.146790378952748,20.202254937651166,20.261131246599252,20.322941972397743,20.38818183673318,20.456424903001928,20.528672495643406,20.604288621572582,20.682897222725448,20.76439634486757,20.849558920007603,20.938041012339482,21.03013142243662,21.125911411954757,21.224467754933713,21.32605251550822,21.430637080072692,21.538794393903427,21.65072712842252,21.76584966205271,21.883710846181494,22.004616112564023,22.12802646599224,22.25449528986541,22.383517788797377,22.515541986659063,22.64990276932731
2019,19.148371435553727,19.103044104061883,19.061413359551707,19.02366118018925,18.989499705105345,18.958719099507537,18.931457981858163,18.907837486830704,18.887930714691723,18.871478376990478,18.858458538368023,18.848741678641645,18.842665923880674,18.84011661991786,18.841621827930666,18.84712361867267,18.8561105639193,18.86911286876938,18.88585810962537,18.905729526959888,18.92880612194942,18.95534793027003,18.98513025530263,19.01820759200642,19.054740404435236,19.094583965977463,19.137865325530274,19.185144919212107,19.235687277733742,19.289660512112082,19.34673705923344,19.406760278677844,19.47034956694775,19.53799492724312,19.609255229750296,19.68395385096322,19.762061218314003,19.843277895167788,19.92787307668804,20.015836644257966,20.107509935604853,20.20265706729584,20.30127170752194,20.40327785735386,20.508216222463194,20.615997256889678,20.72715637987949,20.841117030797516,20.9577148581541,21.077433121242024
2020,19.704560340986216,19.63675977448232,19.571997233574915,19.51005731220806,19.450746091527154,19.3946196413317,19.342148723692677,19.29284037457991,19.247098841049244,19.20465379778106,19.166116857578725,19.131027390094506,19.099298062931005,19.070877824776144,19.045763386995553,19.024257029901754,19.00607326004883,18.99085723488021,18.97881805006497,18.97043731388123,18.966022824046497,18.965202536086288,18.967894757838415,18.97411048856589,18.98389824696746,18.99695765022336,19.012980020565383,19.032057881386784,19.05409118685814,19.08012728476833,19.109711801215333,19.142975081081595,19.180268345476556,19.221448888208872,19.265984391691923,19.313607949245718,19.364451271064286,19.419249957715124,19.477967649326274,19.54073246341621,19.60646161167741,19.675681901695103,19.748024356947973,19.82413064603481,19.90293017325088,19.984982004323527,20.070120396374794,20.15911199677214,20.251229322178133,20.34677351329217
