,var_PM,var_harg_,var_harg_Rs,var_livia_,var_modif_,var_modif_droog,var_Berti,var_droogersAllen2,var_traj_balk,var_Ravazzani,se_PM,se_harg_,se_harg_Rs,se_livia_,se_modif_,se_modif_droog,se_Berti,se_droogersAllen2,se_traj_balk,se_Ravazzani,mean_PM,mean_harg_,mean_harg_Rs,mean_livia_,mean_modif_,mean_modif_droog,mean_Berti,mean_droogersAllen2,mean_traj_balk,mean_Ravazzani,median_PM,median_harg_,median_harg_Rs,median_livia_,median_modif_,median_modif_droog,median_Berti,median_droogersAllen2,median_traj_balk,median_Ravazzani,nadm_vyska
11800,4.13950638481498,3.609491165023104,3.2789386233328837,4.595129463821594,2.2313348142855793,3.64661362063662,2.788112546676169,3.9378057930000043,2.3883529886005177,0.022696565406093126,,,,,,,,,,,2.7341602291225238,2.4309029970078306,2.365858221839255,2.5080944002430985,1.9139358159318853,2.5948255501719664,2.1245109425446604,2.6655551616497624,2.0280623404777227,0.19276345794802383,0.3176118972422265,1.7105584479130602,,1.6088302257352303,1.3470233416646464,1.9244129885303294,1.4885326249908906,1.9586900388924413,1.4586906123630152,0.1356422538652471,180.0
11801,3.873616196757467,3.6825432273693846,2.9163264318644604,4.852163688026671,2.3043555964247533,3.7007476461484914,2.850743541692755,3.970504203782707,2.413618661323863,0.030328535715916836,,,,,,,,,,,2.6447530683746776,2.4987732602063395,2.1978843469733036,2.6382689606259975,1.983702975240662,2.657498007366735,2.187378889447139,2.719563214119041,2.0694623581454836,0.22676636811920195,,0.3987506104263962,,0.3379474444306888,0.32085836030313986,0.494577509033879,0.34560257622142104,0.4891664869216058,0.3488252670923553,0.036187047921363555,206.0
11806,3.792685250614625,3.332865151237372,2.8581831919200886,4.2478640440896855,2.2329898297003954,3.5473963272322178,2.57491244119197,3.647125974799147,2.203484504959072,0.0787839488176233,,,,,,,,,,,2.6271976667400723,2.318728084672688,2.1652659505800784,2.400930150486946,1.9248168384833195,2.5430165001587475,2.0272261614876173,2.5469629067550597,1.9311927790324899,0.3565002374821938,5.810843801916562,0.9373723839538306,4.743305792024989,0.850941458168045,0.8016515605821569,1.1282564527158183,0.8254208634350828,1.0983084925769488,0.7732119043950243,0.14411930389671487,349.0
11810,3.9513041328255176,3.408744952497059,3.1497798464943965,4.151019542356669,2.108815104669697,3.497673922442773,2.625716508572249,3.772264597009972,2.2831059972277545,0.021913231780240905,,0.015486539191053136,,0.01708970283224079,0.012180815744125589,0.015687248691468165,0.013591927187379005,0.016291392080523312,0.012674188424579758,0.0012416818648636767,2.6962020635014663,2.398006216111935,2.290054410084674,2.4336412175754925,1.8891164960338378,2.5755666999304268,2.093665698964908,2.6438839350438665,2.0093582935314416,0.19226767153353078,5.0883606209869985,1.9894950689811677,6.21427785744663,1.8736367962369413,1.5697131889670914,2.2222727491827543,1.7303513066711562,2.272223878635772,1.7012045710213073,0.15951400870872268,182.0
11813,4.198940951712601,3.2356772871937216,3.3736655901120196,3.8187784836361702,2.098370401849856,3.4614817205344677,2.4874916882799356,3.621423171525036,2.186062803344758,0.05172471928632217,,0.014699385668954191,,0.015969040338248853,0.011837436446546768,0.015203640985006392,0.012888352439301998,0.015550924845195024,0.01208225233937383,0.0018585132242636179,2.7489331599682005,2.3230524650911297,2.3279853012154095,2.329836770947131,1.888085780609385,2.5458095555636637,2.026753587502174,2.573471054909768,1.9527865629370622,0.2937145690481928,5.61718130288465,1.9309429437340544,5.1991821300914,1.8091461887209703,1.5768875377128597,2.195106247574736,1.6800305603934043,2.2110337799517135,1.6527336893059221,0.24413829782068577,287.0
11816,4.071895865582616,3.5494271879607067,3.2066092095104275,4.48101450805855,2.1471087128096995,3.547451723316255,2.739944527813701,3.8829212894249836,2.3557423482578224,0.01218514501455315,,0.015395568141342006,,0.017298353165575375,0.011974119874347985,0.015391283276232438,0.013526563312460046,0.016102595295596146,0.012542395146483747,0.0009020527513661764,2.724154174963901,2.450880105706241,2.3117668061843215,2.5276613754016264,1.902404598156031,2.598991751219203,2.141992015000054,2.687466732419682,2.044539164795895,0.14360127033468645,5.515536860387316,2.0623237862077173,5.12632878184318,1.9810954307858015,1.5993415829830286,2.266656964813449,1.7965721300610795,2.332359602213235,1.7498800822784997,0.12083508893452374,133.0
11818,4.049408689357724,3.7658763265252113,2.9963976575711317,4.932605157401354,2.2567549471389805,3.685573049425878,2.914234616191198,4.061843083214032,2.4716233954381654,0.009332373008922869,,,,,,,,,,,2.7677767264526234,2.540099986030531,2.369311036868836,2.6676007155418473,1.9595264539081132,2.6661355919420475,2.222621093367937,2.7663493586277443,2.1076444156069463,0.12644854308399858,5.297635996441803,1.3320824014270163,4.679969130720863,1.2654128410048342,1.0229107370669448,1.4874061654580961,1.1583978543578661,1.5254749806743702,1.1351638430159503,0.06631230260801858,113.0
11819,3.9298297934002657,3.6541077384054113,2.884856720159674,4.757665773027735,2.255035026366281,3.6598742248197316,2.8269639365555896,3.956644548418147,2.401006167689444,0.02196725706141045,,0.015620943388528322,,0.017824343753761858,0.01227137507242086,0.015633264104645304,0.013739683181460828,0.016254742825867828,0.0126623181796265,0.0012111683141645053,2.6681746915196696,2.4362843607717757,2.200927352223553,2.5445869842895115,1.916100952608273,2.5908792203796427,2.1310412497502425,2.662143258759568,2.0247288518554374,0.18889706906103168,5.468438598195801,2.0141837125840087,4.809538364914953,1.932931603856396,1.5850664116516582,2.2308186029871395,1.7550065721101105,2.271186477075578,1.7076728590978885,0.15616953668620964,176.0
11820,4.041094812014152,3.839414335418717,3.1111715530325963,5.030835726766476,2.299092030930309,3.750680377449209,2.9711914126199424,4.137572479442937,2.519636580739531,0.009180790733267562,,0.01601212882402096,,0.01832891058928713,0.012390669199066224,0.01582601644415818,0.014085812402072287,0.016622233997509957,0.01297136072460075,0.0007829907447697978,2.734310470644705,2.5847584283818392,2.3612802190031634,2.734438721558975,1.9927548933069126,2.702880141612283,2.26284617180439,2.8062448456106304,2.1397477696745577,0.12639430703633836,5.352402352524964,2.1987304013504287,4.984164800861688,2.199938957450077,1.6935021185761228,2.3713634555578533,1.9194042044171606,2.4460821210517327,1.8455701541110656,0.1075175932833299,111.0
11826,3.945029668321882,3.6317676839840294,2.9269239839919408,4.739580614112064,2.227523229682278,3.622414343589002,2.809893459436308,3.9309235804259806,2.385957671365034,0.018726750193554666,,0.015573119437478111,,0.017790433951267975,0.0121962889609716,0.015553052819063778,0.013698137181120961,0.016201823060359513,0.01262257476695019,0.0011182728811123712,2.668161244541039,2.457367218721992,2.207543855359623,2.5822927477380895,1.92495935149083,2.6031168647225513,2.150414495228099,2.6796275608861686,2.038247612231829,0.1764583602317986,5.552131150560999,2.0436089377734192,5.003273914644182,1.9764186771686867,1.6009924968352673,2.2500840854227113,1.7785666626775898,2.3064897976986085,1.7317646367935686,0.1467472502144345,163.0
11833,3.833002729225383,2.7202188827442457,2.953169868874077,3.0956386951638084,1.9788119965860256,3.183708982124807,2.0863964165051403,3.1022005006812026,1.8571295805183474,0.1499779515565276,,0.015060452082808404,,,0.012845125461054598,0.016293064039838778,0.013189687232361226,0.016083146390621555,0.01244391932637435,0.003536305625919124,2.626024131478967,2.0889771258573315,2.150623497863361,2.043773536081994,1.8306885575586525,2.404793947141431,1.819731513988014,2.344080959449198,1.7682467242465725,0.4905072916780664,4.5939707896895,1.6734030389492984,3.5608128668086243,1.4002679786319916,1.4968264528036737,2.0235170119847092,1.45151489573805,1.9577466554495775,1.4509879783173,0.3929274200089659,533.0
11841,3.4732166823329327,3.501805918725803,2.4143701300528657,4.671456799239502,2.3037559152592357,3.624818118630488,2.713272276975274,3.77246745107702,2.286313855048525,0.06489006060964585,,0.015291941244549847,,0.017662116820101482,0.012403230542770335,0.015558212339276725,0.013460564492587848,0.015871915224486617,0.01235618803033403,0.0020816402388781265,2.428037738948955,2.3580203125676036,1.9415359629001026,2.493592718666114,1.9347996693017662,2.55237053542176,2.0644268265720593,2.5714633078343376,1.9519666761628043,0.3209893294928883,4.963422439318035,1.9033441850093236,4.339705298032788,1.85156214646979,1.5724420706187727,2.1492044312204306,1.655789661152122,2.1517024382268737,1.60649882878285,0.259095806123517,309.0
11846,3.973991700150421,3.8404420930347114,2.870516588016739,5.182577538963844,2.3835713994710144,3.8062670084504946,2.9778805399075057,4.105564087655212,2.4982809554388754,0.026343050727479743,,0.016014271792291285,,0.01860327854309134,0.012616261069364075,0.015942859169364505,0.014101659381884986,0.01655781410261558,0.01291627321969207,0.0013263239702106123,2.7134377021637865,2.5095349203150374,2.270955111825596,2.6720955314942754,1.9811759477072293,2.6539077945120684,2.1978968964954335,2.723484664339531,2.0738289673166856,0.20784312656018591,5.2273512634664225,2.0650215431198102,5.341417437641123,2.024191508356236,1.6329868239200875,2.2745136228948457,1.8021800131995007,2.3165064962449042,1.7389933008293932,0.17102791854447716,188.0
11850,3.9932292511954115,3.893712132124807,3.1354097372890086,5.101544110797989,2.368352254102156,3.840886777473129,3.013388021268913,4.195771235970813,2.554290422772152,0.01588799130001419,,0.016394292907413406,,0.018765562761194288,0.012785976989360454,0.016282703794009604,0.014422425315781489,0.017018319414403855,0.013278404898097652,0.0010472376961786285,2.742784464338835,2.546858897327944,2.344166498238928,2.6843564492469163,1.984070153074927,2.6822636353713887,2.229087154670096,2.770488004652693,2.1109300547529193,0.16268872705840703,4.096735139044478,2.1252529151133257,2.1860403514586935,2.087034559652065,1.6551710315866761,2.3191323396095096,1.8569175474231199,2.375598458872597,1.789075514914454,0.13575730159205399,145.0
11855,4.241760526009742,3.8216410621720973,3.225815348348993,5.0542341871918435,2.3134282955506755,3.753956510633908,2.9593106228085624,4.110690399213639,2.500974074919421,0.01351719503604197,,0.016379813961209265,,0.018836998275074332,0.012744184173216055,0.016234115669112478,0.014413826629979533,0.01698796673251314,0.01325069362026382,0.0009741533034003597,2.762202564570072,2.5296968085671945,2.327010984366391,2.6740978092831273,1.964547149148488,2.6590861989146113,2.2144853160317237,2.750079939157164,2.094964435582755,0.15044813747598557,0.2789837234515769,2.111139294276552,0.9311193542004489,2.082237033568686,1.6389796053911672,2.2960111952254905,1.8416864968948965,2.363263949155285,1.7771560512025506,0.1255553526021841,135.0
11856,3.980101951508202,3.5208248783422857,3.058910233750723,4.457305403441554,2.2598496303708044,3.6477185331935167,2.7189269367735607,3.848673773554053,2.3318173150658907,0.046547309961935325,,,,,,,,,,,2.7147995955684787,2.429657824132817,2.2646730631425562,2.521159673044589,1.960923387304675,2.6209290327387627,2.1244069523252223,2.660667898417285,2.0226255793631953,0.27936384313189727,2.122606549255935,1.79708788320601,0.6102887222514941,1.455557250983439,1.4581826770736153,2.0298133887276624,1.5628369270012374,2.0420541541562245,1.5278146499095941,0.20663048619917643,261.0
11858,4.060350685667721,3.798179840861139,3.171734243624677,4.9206758270875675,2.2788458728223304,3.7284463507072054,2.9371717622780436,4.107835963818532,2.5003482137013378,0.009748557410151987,,0.015925913283511638,,0.01812712634852152,0.01233599148824902,0.015779038420309276,0.01400494013072929,0.016562394727809397,0.012921616043748524,0.0008068387749056714,2.7323595509344467,2.578362944076622,2.3475784187894333,2.7133661246298617,1.9904292851554395,2.7024709203185253,2.2564503954122186,2.804145694320472,2.137818805445015,0.13062504875087788,5.436107495786416,2.192070953307393,4.965918207081192,2.1803996317347263,1.6878889881338883,2.3691848940996665,1.9119771230045153,2.448340544230322,1.8417661286942688,0.11105472012735085,115.0
11867,3.848855824900277,3.6503046362837863,2.740132395191675,4.872700096068615,2.3439658534327883,3.7147087383647213,2.82832734758379,3.9235073451637548,2.3830625149896765,0.04789001295203094,,0.015612812332626328,,0.018038541738492238,0.012511005781776243,0.015749942339486303,0.013742996024829647,0.016186532346158612,0.012614914232809788,0.001788294585914771,2.5464669303883136,2.4568070745138106,2.1010587006198396,2.605354678726842,1.983650081270408,2.6316782881000305,2.1512323990304716,2.67210483473943,2.0323312062385934,0.2814031640416892,4.804512969803362,2.0102230782758115,3.623705244235778,1.9686538532543445,1.629369114744796,2.2380747511863355,1.7536429528370874,2.253853188896257,1.6894853654438673,0.23025134554709936,260.0
11868,3.2587489537875856,2.951738931596311,1.9185646016352107,3.9976489672099516,2.4549974971451745,3.490870641998145,2.2895022678653953,3.189509207467029,1.9188027040223057,0.3485268950817355,,0.014039626560668405,,0.016338753193165485,0.01280389521581255,0.015268046093691057,0.012364800781045819,0.01459414021833155,0.011319617329912103,0.004824304737380737,2.3830469901989635,2.0882816770166417,1.7733610111785687,2.2050064949627406,2.005275641696485,2.43723606686713,1.8284766428279247,2.2955469444361682,1.728083534432685,0.7175765782574448,4.542984674199467,1.616238523097619,4.708244998910237,1.5238730105096265,1.6035319626770672,1.9903599361423032,1.4080729721587677,1.859460022213927,1.3717665741476357,0.5553728320353468,780.0
11874,3.286015372931304,3.239379223155611,2.0970248065332036,4.374517172591491,2.494141842022233,3.670880185513741,2.511672808148865,3.4887024031748983,2.1092821427652964,0.25750809668155916,,0.014707792043279462,,0.017091557772320628,0.012905569042937196,0.015656752607248744,0.012950845321219302,0.015263303736300698,0.011868174478837085,0.004146789869582824,2.37868505394057,2.269085662625464,1.8524500000755404,2.4088200357090233,2.0688441444143915,2.5774595169088297,1.987261200475706,2.478818007302261,1.875421626743557,0.6397575796083151,3.9724032961157447,1.8154711744616765,3.854945210612144,1.7660869673469715,1.6961119573685344,2.1577446842448404,1.5800836285932625,2.0575090317633746,1.5328492420515034,0.5118631982709675,640.0
11879,3.529533364400438,2.742270610179811,2.2017291767118836,3.3806902167854735,2.2351907850139505,3.3270018454409063,2.114431468840121,3.0534115142086975,1.8293358419193237,0.30578619085245506,,0.014860359872937597,,0.016499730879139488,0.013416260164536937,0.01636819133766354,0.013048812150445588,0.015680750392000783,0.012137266670157892,0.0049623010326957035,2.501097506161933,2.079923112770523,1.8942428487636862,2.119356812058274,1.9675859302170893,2.4431594545155093,1.8169544348758095,2.3087919932063667,1.7386084549902883,0.6945460741650621,0.3674015479385613,1.6398036425336073,0.3510464877220997,1.5386453798249775,1.5940302756652394,2.0211108845845485,1.4267165622826459,1.8986366248565794,1.4058304345888757,0.5475775404054285,758.0
11880,4.019648310660288,4.138010150498717,2.9695766105373442,5.708126273317639,2.5097254094642754,3.995684909809521,3.2131348010678606,4.378140057751619,2.674835392289806,0.015516376200381066,,0.01662311312148431,,0.019523755956071302,0.012945823697869218,0.016334739059875585,0.014648091948580909,0.017098633745908934,0.013364881577675722,0.0010179155171356053,2.690399028936552,2.6572171863200644,2.2983058705889694,2.8874361383674687,2.065978672680799,2.7642495658996213,2.3304147261749653,2.8593340049546168,2.1823978062369167,0.16271456414856472,5.399601841306385,2.2369211168567595,4.661796751250845,2.2866137929790913,1.7365920792013037,2.3995904034606204,1.9548339505090178,2.4694684648318157,1.8615727963591948,0.13697775493772774,139.0
11881,3.743799404100672,3.912059360977249,2.838285172467677,5.170304242601863,2.368549720328634,3.835455653865358,3.0291728509974174,4.202964394128459,2.5605321777528935,0.013837005756068535,,,,,,,,,,,2.7422763512475004,2.5651201404008623,2.314189609000324,2.719068145623088,1.99213815986945,2.6915559099319024,2.245910841548199,2.78447599650293,2.1224733527902377,0.15255486199709045,,5.733621709726152,0.1038972651020049,6.5314914230985535,4.458769120206386,5.756178587360941,5.0419876614586725,6.002066290915649,4.653677506964045,0.34099450349101496,135.0
11892,3.1200468610652847,3.4293627901828376,2.01952017085479,4.672307954220719,2.509869580708757,3.752601879002464,2.6608137464811277,3.673766111311345,2.2255046251007085,0.18836744384053256,,,,,,,,,,,2.3589996801547604,2.3152135323067675,1.8302072657901574,2.462235334280375,2.0382924660551573,2.58492802438547,2.0278156425227962,2.5241290765479616,1.9129102236281976,0.5426093321517337,4.6776621533604095,0.14377549835122724,3.6683764865595676,0.0988324933309291,0.16822670413735907,0.23493691913987888,0.1246548443953327,0.2004685356672534,0.11787425948521946,0.033696212488190144,532.0
11898,3.815708979152629,3.3302066047337293,2.6382682917361735,4.259865418390856,2.313062516568277,3.6160011680548583,2.5735231756641053,3.6394660929791343,2.1993041413403156,0.11784090695954363,,0.015697974945809715,,0.01775439926012627,0.013082830903490739,0.016357703193166342,0.01379977751198207,0.016410691505595095,0.012757062660497724,0.0029529499145991445,2.572740578147835,2.327992523400191,2.1301967038136667,2.41955671994369,1.9785650046061867,2.57638915990093,2.035909358184433,2.5532625060574197,1.9364534450003037,0.4379192441632127,3.931476589944469,1.879730183853322,2.881961228981255,1.8238869856490756,1.616221201185974,2.165904877470183,1.637100613972175,2.1295477184710627,1.5906834141116548,0.35359650560283074,427.0
11900,4.057607459769578,3.9234265029613202,3.0269132593612453,5.363936186303077,2.5368624227898655,3.963339310439828,3.045008521350382,4.173523228262141,2.5417088827585013,0.05758376508985066,,,,,,,,,,,2.636518503840822,2.550225894688102,2.267435391658269,2.744273953570065,2.0680551029911634,2.7187519333300796,2.2351575679999356,2.7569497220110275,2.100627848183844,0.3089554917538991,5.770810757965885,0.5949143419860095,3.57175196028006,0.5261925843739901,0.49180803826832475,0.38065524058416755,0.5152472970272091,0.4579749394956916,0.6305523109523526,0.07207285184523397,275.0
11901,3.8411558172159297,3.022761760790887,2.666151491731102,3.720957879715912,2.2450801767452715,3.4725330890518893,2.3300898324169923,3.3531223820611897,2.0186390763564375,0.19395847351188786,,0.014207528773240729,,0.015763184596672572,0.01224425912767534,0.015227891747774187,0.012473918921088217,0.014963779043951641,0.01161036632068932,0.0035989098099970976,2.621017393323614,2.238470479027963,2.1505136015441764,2.2901490154641824,1.9903219618748342,2.547347882469999,1.9557355053599914,2.4717507755648076,1.8698593897229867,0.5670270667715183,5.07118718497223,1.847017413604453,3.7592371572871177,1.7678560366790768,1.6742861645574423,2.1716112285741813,1.6091910258534172,2.0901335641115173,1.5571924515978972,0.46786807158021326,575.0
11903,3.7678643558522995,3.925174941877597,2.679862960735194,5.391052341838726,2.583394424247338,4.001962342414751,3.047164360929494,4.170254495315547,2.5401353073434456,0.07463058420795031,,0.016189971837694737,,0.018973758069538674,0.013134451567529907,0.01634756539421636,0.01426476181989252,0.01668775303998641,0.013024018667830461,0.0022324153760479655,2.5580486146480785,2.526189999631666,2.1050511343383387,2.7323875402784674,2.0742586407992305,2.7062303813714075,2.2149388129946286,2.728518768384472,2.0772307256546574,0.34833324322813247,5.116790612046352,2.0802529228204953,4.317138101099644,2.081493175742249,1.716521355820115,2.306625656892697,1.814750769567143,2.310348569211074,1.7337659985685496,0.2868435261981558,313.0
11904,3.714713106120042,3.7657801809351503,2.5221397041794433,5.218569292726093,2.5479565359361978,3.898950240290286,2.9251317307826703,3.9978734817854757,2.430975277877947,0.09897368751829418,,0.015857841297394978,,0.018667764423269256,0.013044054123458168,0.016135797344597785,0.013976206183521998,0.016339211992420374,0.01274109798335943,0.0025708483560885013,2.610236784877535,2.481351432257893,2.099741169462408,2.687768973610541,2.0749004277117384,2.682882296507719,2.1758796725358533,2.6825693335510277,2.039342892871677,0.40227280188167747,5.204510541336205,2.0396864678815314,4.357073782016132,2.0724836734906873,1.7261330826955772,2.301374505309667,1.783554249637647,2.2858354423172678,1.71026484348605,0.330670770664769,368.0
11905,3.840001933701518,3.950790798547191,2.829000759784341,5.280410977853286,2.497324260875669,3.9613438849404567,3.06184170830799,4.227861118120128,2.5753243068092853,0.03985867670318262,,0.01624271414638621,,0.018778048097200812,0.012913799896673716,0.016264392901574644,0.014299075254800106,0.016802617488518,0.013113920541695715,0.001631465981551697,2.6626871866197654,2.5658566094813273,2.2615641867254412,2.739345343483461,2.0503182300515648,2.722128934195087,2.2476820922058622,2.7792052700302428,2.1183237882215535,0.2577221844933912,5.997649507360274,2.132917958563865,0.9264295629998045,2.1403231850289384,1.710520387849752,2.345422093423025,1.8634964124339184,2.3797403985457635,1.7933216798630625,0.21423655304626804,228.0
11910,3.428271945004492,1.9832160101945526,2.0149609377022815,2.0914616719402357,1.8157536035285724,2.74771287800766,1.5138532120338635,2.344459920349581,1.3837256675746774,0.3988730777895091,,0.011508046136918837,,0.011817933436683088,0.0110114634562192,0.0135457251430083,0.010054453450714191,0.012512324262664477,0.009612615763047633,0.005161001040386,2.464712453243037,1.814480775692627,1.882765055094745,1.7360895129521807,1.859871304693337,2.2676637307019787,1.5788537009400025,2.065663013687378,1.5434153096317462,0.8137382366818792,4.916834888278841,1.4629068704918304,,1.319564738452971,1.5565155224128397,1.8993290708388022,1.2678905855339935,1.7128656051714466,1.2576907961765187,0.6560682665648069,1018.0
11916,2.4259297136763647,0.754182554932505,1.0533231800118237,0.6308526988538755,1.1549094969328642,1.5057677880686873,0.5670885596601677,0.996203078166161,0.5636253485237436,0.5884023315041923,,0.007096673513256516,,0.0064905360606179515,0.008781941924700118,0.010027567304585518,0.0061537808710601825,0.008156249908220873,0.00613496151764251,0.006268357781940725,1.9986935297738633,1.061746056597045,1.2255063518721632,0.8930682875122911,1.5879820375341216,1.6314079125006882,0.9168621948952593,1.2984712629990796,0.9345294490078906,0.9378202539376703,4.9944971580161415,0.804890315974045,2.9027874134466907,0.6289793515069027,1.3333738573557632,1.311827768279324,0.6925352012082274,1.031771562435049,0.7229277176109563,0.7109444257679304,2005.0
11917,3.3408962824245596,3.645924594978002,2.1334085386270543,5.006567566953362,2.6074231208839085,3.91810114998266,2.8302451880725386,3.887217938454421,2.3605591250063878,0.16781653637543273,,0.016425246044881558,,0.019247666428392898,0.01389036950625391,0.017027303005849204,0.014471717396895536,0.016960064040852717,0.013216470290790297,0.0035239149599022414,2.4444983394462323,2.4394925089925823,1.9361284595573567,2.6392550692664885,2.117715916678693,2.684844794840879,2.139133910098366,2.6401140937991183,2.0050813220152355,0.5233750607764733,3.7553215257336063,2.007682958558796,2.790929633159831,2.0226700905066015,1.763036511029649,2.283825988718868,1.7498965313518633,2.2307369976907725,1.6705911542686862,0.4307335179682631,487.0
11918,3.446979421264933,2.85156726801431,2.1086595398234462,3.676377691116435,2.2604833463733325,3.3486709996150608,2.204720263331308,3.129869337716444,1.880189199637127,0.2650116453234773,,,,,,,,,,,2.34234277540066,2.0894023755352262,1.7697483355313568,2.1621721347571303,1.941972218393912,2.4215872786874324,1.8269703977891756,2.308573835945968,1.7393800719734982,0.6369608691697585,0.23475260455395522,5.508977952667041,3.9506814708146067,6.344443495761249,4.956909787035878,5.9999155714680485,4.851661395029545,5.783209215142716,4.468694987997839,1.6794292119386343,692.0
11927,3.9024734417764626,3.868589171632301,2.849986740678282,5.166267315218867,2.4300833992623985,3.8718621075738113,2.9978303551174355,4.146496597879461,2.5233200554033455,0.03438343859140207,,0.016072849953203187,,0.018573982045583023,0.012738760535630356,0.016079647558770616,0.014148816393963105,0.01664015016522285,0.012980838724193783,0.001515274232416643,2.6759000948848457,2.5486471571919647,2.2448225733086775,2.730342686299428,2.028449716763503,2.698019854957638,2.2331808740922545,2.759035777325846,2.101685860832123,0.24027471021374588,5.161461411179879,2.14388433266641,4.528647042178193,2.1661857425690867,1.7109102872973487,2.3419544687859215,1.8726215586101111,2.378996963775463,1.7925623336205292,0.2021155362010798,214.0
11930,2.391282430264144,0.6591394269514582,0.8442471144241579,0.5625594927380493,1.4166015408045967,1.5174922466420042,0.49653825499419835,0.8712790803773418,0.48835153601567255,0.8881936781945724,,0.006634454645573427,,0.006129157947421818,0.009726138270818396,0.010066530758507964,0.0057582821531430035,0.007627728523564849,0.005710614759895651,0.0077014131703867506,2.0671801728204446,0.9495169955540566,1.0942113721908622,0.8094625400349739,1.8078597424721476,1.5853093885699123,0.8211789375759883,1.1701974139779376,0.8300698794841912,1.1022191100432228,2.8718453249148075,0.7174693996805355,2.195870108333758,0.5722865180303378,1.5778787285462426,1.27514154520942,0.618559205927284,0.9263795439182962,0.6334169204558722,0.8328534264283256,2635.0
11931,2.5460626620050015,1.0585449514744143,1.1244831014385959,0.9700725756836608,1.4021856355046163,1.9051210476850176,0.8007423333785779,1.3377123564402362,0.7698370941910861,0.6494443860497642,,0.008407584426661839,,0.00804856948968539,0.009676523180792871,0.011279188949177739,0.007312451171036049,0.009451439393395456,0.007169947921805854,0.006585482014166906,2.1088990692496026,1.3746815829401442,1.3466329679612294,1.236056314327887,1.8311215619708439,1.96710886091711,1.1920740014906364,1.6202141494071183,1.1873376683516341,1.0767588382402014,5.273709121848984,1.1114661075393062,3.5785046827711,0.9509554763932386,1.5836793846224686,1.6444139629282213,0.96104099568225,1.3433258922333868,0.969468374012245,0.8705877561389368,1778.0
11933,3.278844665637052,1.8786501054762375,1.6624395072096316,2.1006604286182196,1.994363878538597,2.765080564803209,1.4392602757915014,2.1868951509704813,1.2904083746147266,0.6372032174800257,,0.011200554796288304,,0.011843893994352692,0.011540344788276199,0.013588467478008036,0.009803615141152088,0.012084552290899508,0.00928282516511318,0.006523122952524962,2.2702396840970738,1.73788754512147,1.5974338694248977,1.6988230011435812,1.9786248150576755,2.253956521327447,1.514529452037379,1.9730586587998307,1.4682784794561554,1.012133268456117,4.805670992688189,1.3667432426440853,3.3672186349468314,1.2344860445437509,1.6577570082323971,1.858729447426358,1.186692915472595,1.6098253631317307,1.1756827169670658,0.7959814829221197,1322.0
11934,3.4753840167747976,2.9356402315950794,2.1247340370867147,3.7933975923041503,2.3182312278657284,3.438389128533395,2.2697856723442524,3.2153670798652567,1.935402747805966,0.274404304863012,,0.014001288353777114,,0.015915884050075123,0.012442136464076405,0.015152842074688842,0.012311444442606609,0.014653179339843843,0.011368476309943532,0.0042806729134394145,2.4357471465977345,2.189876321170816,1.8411238924119964,2.298375691852366,2.0355077775586046,2.5212070804575655,1.9166408198854243,2.404789004254741,1.8150476068646866,0.6695201195031035,4.892465975862773,1.7965129045600947,3.805942627649853,1.7381359827471452,1.6995976745234098,2.147464339198132,1.5640567274941142,2.034501779570731,1.5147875341141641,0.5492554638459515,694.0
11938,3.265037365592749,2.3592142895985475,1.8704432670714606,2.7792343525499055,2.0652298657450574,3.0390057045008243,1.813848056853415,2.6795371283477265,1.594351977486544,0.37169448774916375,,0.012551634362977314,,0.013623201148011884,0.011743587361756591,0.014245652365508565,0.011005683937028355,0.0133766225910387,0.010318312739756856,0.004982067929220073,2.3844835925913315,1.9678235991501216,1.7501065531958533,1.9835190287246207,1.9570797518057197,2.3744335352626016,1.7180606146525677,2.198517136741239,1.648932335497436,0.7810800219456613,4.792384273321529,1.5887322870569034,3.5347235903356884,1.4907982875530394,1.6322100204057404,1.9861455800192716,1.3825771836059575,1.8263763452235051,1.3501094751188751,0.6306088869836339,901.0
11942,3.675502006368908,4.110336361330105,2.6950424947704024,5.608785473394026,2.5826331385191854,4.073083751917681,3.189603746242443,4.3661481889600315,2.664267917719268,0.036874269998915896,,0.016567434640672705,,0.019353120429106713,0.013132516166728852,0.016492187156039322,0.014594356505827685,0.017075200830532187,0.013338455126308496,0.001569200002445147,2.688163760364861,2.612626949443615,2.273676112654272,2.8305151786919542,2.079807851909674,2.7517861434308273,2.2908912987714274,2.8153358272330307,2.1475250201315936,0.24745739484557353,6.08941059152958,2.181163905170383,5.392189239524283,2.2246981557805805,1.7402985286872532,2.3893322198168567,1.9052339098256892,2.4296788898975876,1.825809390366342,0.20659097075439903,215.0
11944,3.2727230601573924,3.6754369445267447,2.2767124641052767,4.81918952080317,2.416011547596988,3.8161149864716526,2.8447169913197423,3.972760437677568,2.410683021009286,0.06899202671708975,,,,,,,,,,,2.5162753845536203,2.479924379265573,2.0092702102104307,2.6303139373844218,2.033661142499063,2.6738963764694237,2.171607322462948,2.6959919814130786,2.0507631222353466,0.3397687256519102,4.422573552940673,1.34967259295383,3.7134769353792865,1.3015103051187087,1.121102279091883,1.550905820027677,1.175390868751553,1.5412371958574984,1.1442429640121392,0.18491553242080674,311.0
11946,2.8177875765998945,2.722550024079518,1.8474706366511198,3.1167782023838484,2.0203920619215365,3.218288807038709,2.0889957341400347,3.097721687747358,1.8558547391763107,0.17774647792598472,,,,,,,,,,,2.4087699070996136,2.1597777488339176,1.9133589965268583,2.159764095855225,1.9226123296721929,2.480638793398326,1.8843364135996854,2.4037692135275823,1.81530264932558,0.5518507414062178,5.531835779638433,0.7844765254208086,3.9201908382573,0.6879522234675759,0.7312467989457244,0.9746903145861392,0.6802281986956458,0.92648375498601,0.6783369225615529,0.20044375047524254,580.0
11949,2.9026250440352297,3.5733089096144366,1.8248971961938651,4.907906388055978,2.433062766881515,3.7356509542769296,2.773671289314976,3.8144046275205445,2.314943918832483,0.10013984249635545,,0.015447274553336996,,0.018103590597575006,0.012746567227515685,0.015794276248760675,0.013609559856468898,0.015959892609963645,0.012433311706412478,0.0025859494821626975,2.3773279251724038,2.412311623067874,1.8026333914216195,2.605503015133744,2.0272738916629933,2.620087323880488,2.1150416650677832,2.61352040109539,1.9838828845613334,0.4038327907585379,4.19092951748152,1.9972181224801173,3.784128002137208,1.9952738300042165,1.6927334964225436,2.247593270023674,1.742450800730316,2.230335216729305,1.669742028769222,0.3343441039880857,380.0
11952,3.7603645494490725,2.8260700655102466,2.374070760437501,3.5650560957116717,2.242739435000934,3.350742800630006,2.181837131261477,3.1229002891397326,1.8753248640152629,0.2710583082744516,,0.014085604175223082,,0.015820390582844113,0.012547968715501734,0.01533749958805058,0.012376424069039268,0.014806863625163525,0.011474196243966195,0.004362298494121524,2.512412050477454,2.139410014564226,1.9551792542574014,2.2132212406805154,1.9917840263970017,2.4794908713352775,1.8707044161934039,2.3614189996957466,1.7807209479567998,0.6625732889227821,0.3078573583716462,1.74222419688663,0.40493455518646454,1.6624264784410885,1.659588909042309,2.0877913204210414,1.516187592897051,1.9727372135973547,1.4718253133586416,0.5395652111159981,703.0
11955,3.552959798366392,3.503596139560319,2.5146906374891125,4.597674163972595,2.3033986790929677,3.6476068513452815,2.7120026714555996,3.796031419072474,2.297186930013128,0.0640855238405799,,,,,,,,,,,2.5500801653852214,2.3316957777914156,2.020978867366616,2.4518558482199606,1.9118770099564755,2.5289766263215205,2.0406278816288808,2.548128827217999,1.9333837805774825,0.31535145275433896,5.101640554413364,1.1922657343901202,3.1380192871409567,1.1294380010479936,0.9912564659314046,1.3927475193043484,1.037682140517376,1.3812253060561692,1.0159046133262446,0.16124862213597804,307.0
11957,3.2914722562567245,2.688645617896285,2.0301873237274815,3.3729309619595593,2.241506354572189,3.2913068920461526,2.074882771624277,2.9826463747918677,1.7876602370789845,0.33982066149513945,,,,,,,,,,,2.3336093556449673,2.1253329065475794,1.7543856725839544,2.210172006844804,2.04828793662189,2.4961152645121314,1.859167989739455,2.343889725164853,1.7656178230860908,0.7555880408202195,3.8029781146912987,0.9623882679967676,2.5403790876269525,0.9059293850305963,1.0014645149766634,1.2188524895381478,0.8386579208158558,1.1254187342566742,0.816438701181742,0.34214360662455723,807.0
11963,3.4273794285480235,3.3207787496328662,2.3524411422191607,4.22983068018754,2.290794800223594,3.599317483268163,2.5656167938388714,3.6373982470091106,2.1955188093902005,0.10833699950047862,,0.014891435168506115,,0.016806530808255782,0.01236829054612217,0.015503389652020666,0.013089181182538,0.015585186766441035,0.012108355562036816,0.0026897070795264422,2.54109998302947,2.29039496409575,2.013609328041719,2.3845141804289556,1.938667304456942,2.5300154348676354,2.0032917631108202,2.51216078001438,1.903982773595444,0.41369360844875913,2.918626311510196,1.8913872713518591,1.91135535251179,1.8312849797628252,1.6190603175806535,2.1654085891235058,1.6483664704230798,2.134094458031422,1.5945814167221934,0.3416244086829439,410.0
11966,3.5130760856439576,3.705652957722207,2.59853362293193,4.817936966723445,2.246056789657504,3.675903859859278,2.8664448020949567,4.016502464432916,2.43677266361995,0.01369594696518117,,,,,,,,,,,2.549047207637547,2.417408916157149,2.1198327826522236,2.5325111428809044,1.8789182102470847,2.555159458765519,2.1149946932360657,2.639311828863819,2.0071268525349195,0.14696495305252905,3.274112395029978,0.8905307041657528,2.6806283523107366,0.8030377410947931,0.6898792371770346,1.03781340606752,0.7718961523046505,1.049325003395981,0.7665409954210214,0.05413929031816626,138.0
11968,3.855646493305034,3.3833305064712937,2.8541055197244702,4.228806145803676,2.141168115746606,3.5009604891678516,2.6103499048800765,3.722529392480034,2.2508673073094294,0.03473515532363635,,0.01503103191063687,,0.01680449527624659,0.011957543468152714,0.01529009519142359,0.013202797054998014,0.015766512964204216,0.012260029950123496,0.001523004572039486,2.606772999723035,2.3680298999361136,2.1360878849418157,2.450258867869272,1.894040220127737,2.5495180205657544,2.0702543338131445,2.5978175154104197,1.9724856350858142,0.23993830801308558,0.587098993862244,1.9970432640410343,4.500952553072853,1.9423617439317526,1.601948231470487,2.223798925737501,1.742424974315302,2.2536834748322567,1.6869025251414225,0.2023484508434048,230.0
11976,3.7333264358320775,3.571351180510228,2.624683223564816,4.728084071424995,2.2480449510351854,3.614774019716623,2.7659388610556173,3.8587645471432737,2.3360552982774188,0.032337706011458175,,0.015443042380436412,,0.017768844207463656,0.012252341130343332,0.01553664206724384,0.013590576281986792,0.016052427766692894,0.01248987649698792,0.0014695054080668688,2.5171894753228155,2.3347785718632257,2.039740432949312,2.456453597240958,1.8602007700569967,2.4993540516997004,2.0432891787968286,2.550887601990418,1.9362379603259225,0.22216928850354503,5.609825027867924,1.883402530653769,5.358305757127232,1.808850124840086,1.503893389868482,2.112435504883215,1.6374695420172096,2.142753784119653,1.6037242127710707,0.1792179375139633,216.0
11978,3.899438024216058,3.6703347010735814,2.893837283268138,4.765214803960004,2.190013694854039,3.6104893572601204,2.8386291606807097,3.9821311779643835,2.415753013533172,0.007853322212867752,,0.015655589285130084,,0.017838479171796137,0.012093165593855202,0.015527431393939474,0.013768001809816332,0.016307011054968668,0.012701144279639998,0.0007241746076016533,2.664770983336113,2.4162206440004494,2.225918415513418,2.5266474623650415,1.8585974885930052,2.544203600799354,2.1136406051477508,2.6401938037579336,2.0075202013036444,0.11176619448045903,5.0658262728356185,2.019283707570848,4.442082560484234,1.9668076934199306,1.5506343967174638,2.209539764960101,1.7601787309989176,2.275896775281785,1.707275904646313,0.09340523438204004,105.0
11979,3.602303118566742,3.7004757003952347,2.7449569853796514,4.749211428630536,2.204546928659622,3.638510626339353,2.8595550944741883,4.022770593560229,2.44441542155547,0.007181690835219984,,,,,,,,,,,2.631996395442874,2.503883678903434,2.2095608828947504,2.620274522571566,1.9235490643886937,2.62893387458455,2.190458041257053,2.7317134268504573,2.0795528148689355,0.11030589520737825,4.952456964063105,1.4440112958648816,4.353031962144569,0.9577181660465746,1.103077748383617,1.608747680905054,1.2568995649648174,1.6571129942041325,1.2279388570465732,0.06361436037224358,100.0
11982,3.7605268560544687,3.5647564113869015,2.717352232225754,4.495555513529993,2.1328730691814592,3.545990221576264,2.7518058552610247,3.9041379906756206,2.365673209983942,0.008371135613868432,,0.015428777421223287,,0.017326397229957626,0.011934358779502724,0.0153881124501908,0.013555810205761439,0.016146528523203547,0.012568804188551367,0.0007476679654558188,2.5435879502044263,2.3964560593072632,2.0971297101062873,2.47873019365815,1.8465928401657625,2.533527037945849,2.0949314917629898,2.6271123239901124,1.9969970203676177,0.1161306160073226,5.069486659424033,1.9978027203637856,4.5262425734796405,1.9238470550434656,1.5360030160141394,2.193338310165281,1.7419368887533546,2.2619651014826294,1.696084572488171,0.09681214878774644,110.0
11984,3.9156846038590887,3.6619644642075286,2.8940663970288827,4.709728939883277,2.2032524175432036,3.6277449119961798,2.8304464514724783,3.9826542301647505,2.4165540868236817,0.010577984722922111,,0.0156377277279872,,0.017734320008648965,0.012129662362073813,0.015564492169483133,0.013748143481217095,0.01630808198125996,0.012703249980024946,0.0008404619416251644,2.6467717355907308,2.4385368189197063,2.252656287800779,2.541095397531432,1.8861174133264518,2.574053884035683,2.132725814936868,2.6655232823244894,2.0278098165374616,0.1310610739107368,5.661511964220613,2.008134744372106,4.8477350355365605,1.944054636483855,1.549440118079435,2.202529833129262,1.7522466487252304,2.268589932651711,1.7049339570387874,0.10792877684392149,122.0
11993,3.6876900252449727,3.650963644405869,2.631551652901637,4.885347239618053,2.2534418518156136,3.631327512964879,2.82926975043109,3.9250297922863595,2.382157013580614,0.02194835583406368,,0.015614221599361948,,0.018061936179124542,0.012267039464206578,0.015572175676179878,0.013745285427418668,0.01618967248931479,0.012612517336412657,0.0012106471409004894,2.518737923675892,2.417406804341109,2.0621105136658557,2.5633577299688093,1.9015834823164934,2.5621669755526177,2.116752146060977,2.631252725836522,1.9997555771363194,0.18743339957392077,5.93858906555466,1.9657413052498747,4.1544150107982105,1.9282357337272162,1.5476370464807023,2.1886989010613402,1.7178110300988645,2.22823541781573,1.6618571438324135,0.15241355938281326,176.0
11995,3.7393346369912077,3.732574272219041,2.837434538957296,4.8394058831664335,2.225985628616478,3.6623276041571944,2.8864881930860533,4.044760096323043,2.457342355157965,0.007685144826403986,,,,,,,,,,,2.603964822820001,2.501887651599821,2.16224227647657,2.6275629188619085,1.9235349157655028,2.6259650168460738,2.1892492701428434,2.7271008886468824,2.0756557083460074,0.11352450124840892,5.001247534827749,1.2706536749263928,4.3423717334670355,0.8964845058207782,0.9703659686919283,1.4277947359181042,1.1033190303226394,1.4603085961249573,1.082112407143014,0.05765659565617842,103.0
11811,4.0332470702670875,3.4305823982410795,3.1282492527294385,4.327732474853838,2.1179372431567423,3.479007967265424,2.648496056291462,3.757190274558569,2.2752759029035095,0.020858522213441272,,0.019257042417125347,,0.0216289712178225,0.01513081088453772,0.019392480846973106,0.01692019347964285,0.02015288628173785,0.015682767108704792,0.0015015763782293562,2.646510884012151,2.3785705415637994,2.2518607193339553,2.446265977087908,1.8712676323620228,2.5452549531010846,2.0785280911169894,2.6135957169289936,1.9853577417633606,0.1854700873477938,2.6899010032556947,1.950661242672915,2.3950620655510644,1.8300738232176488,1.5353544623507611,2.1777510390522528,1.697973915755004,2.217549324384536,1.6563146142452458,0.15210367098326288,177.0
11882,3.8764296140225545,3.5923632646527888,2.8796430158874693,4.628550002526831,2.2315431568241664,3.6252567325639604,2.7774337885100344,3.9028386503993353,2.366811892089835,0.025168457346641755,,0.018606051339398366,,0.021119642941238095,0.014664482336304486,0.018691040370416776,0.016360099810513614,0.01939341943034903,0.015102399800144708,0.0015573721001746516,2.65840944976329,2.445230254944484,2.235810500561898,2.556481778577955,1.9315659687676938,2.6049121304085605,2.1391256319014533,2.6709230260246595,2.0309166515473747,0.20467176555026248,2.0866545576109545,2.0151935356626653,,1.9679809618650785,1.5952990099599802,2.2261016969171723,1.7578635113037926,2.268659853779906,1.706300489575162,0.16867663813480738,190.0
11890,3.1939556969160052,3.0836342007731203,1.926924692593073,4.146724316117418,2.5134871279588586,3.617039255943377,2.390539173180169,3.331741559460275,2.0091951193046276,0.34023163648145816,,0.016775891015778813,,0.01945390321475557,0.015145809912461984,0.018168989765468217,0.014770734829070778,0.017437724914727913,0.013541451743926363,0.005572390154379333,2.3237633392255197,2.1560551403648214,1.7437955557142617,2.2714251706317206,2.039804975718272,2.5004778729219534,1.8873565659653873,2.3663287693818074,1.7860349295511497,0.71616943774656,0.10340979959074603,1.6736984271324435,1.438821280653534,1.5951163314317185,1.6303115978052598,2.0438723885011685,1.4536067475637675,1.913703428221727,1.418416407019365,0.5559466634577457,754.0
